stories_id,title,publish_date
533866393,Twice the size of Burj Khalifa: Mile-high tower proposed as centerpiece of future Tokyo (PHOTOS),2016-02-07 17:32:13
533866394,Scientists say humans may have reached maximum lifespan,2016-10-05 20:33:00
533866398,"New night of violence in Paris suburbs after death of black man in police custody (PHOTOS, VIDEO)",2016-07-23 05:57:56
533866399,Leaked Turkish phone taps point to ISIS hospitality toward Syrian opposition,2016-05-19 07:50:48
533866401,UEFA elects Aleksander Ceferin as new president,2016-09-14 08:40:41
533866402,"‘Arbitrary, unjustified’: Keystone XL pipeline builder sues US government over rejection",2016-01-06 21:19:30
533866403,'I still have nightmares': 13yo girl shot 5 times by Israeli soldiers speaks to RT,2016-09-26 07:12:58
533866404,World Bank sees business climate improvement in Russia,2016-05-24 06:20:46
533866405,‘Champions League criminals’: Human smugglers grab $6bn in 2015,2016-01-18 06:40:17
533866408,Two more women claim Trump inappropriately touched them,2016-10-14 20:44:00
533866409,Birthplace of innovation:’ Astronaut tells RT how NASA’s Space Apps Challenge can change science,2016-04-24 01:53:09
533866410,1st edition of Turkish Zaman daily after govt takeover sees smiling Erdogan on front page,2016-03-06 11:32:09
533866411,Government may access citizens’ phone location data without a warrant – US Court of Appeals,2016-05-31 22:04:56
533866413,Murder suspect mistakenly fitted with GPS tracker on artificial leg,2016-06-23 23:25:54
533866415,SC prosecutor: No reason to charge officer who body-slammed student,2016-09-02 23:49:51
533866416,Pakistan deports American ‘spy’ for 2nd time after giving him visa by mistake,2016-08-07 09:08:11
533866417,Aussie-style points system for EU migrants could derail UK economy – Cameron,2016-06-01 12:29:17
533866418,Russian chemical defense troops to use Yars ICBM launchers in drills for first time,2016-08-17 12:54:33
533866419,Teenager ‘enamored with ISIS’ in court over ‘viable device’ found on London Underground,2016-10-27 08:54:56
533866421,#JeSuisTintin… except his racist books awkwardly celebrating Belgium’s dark past,2016-03-24 15:43:29
533866422,DoJ will not bring any charges against Clinton over email use – AG Lynch,2016-07-06 18:08:00
533866423,"Flydubai plane piloted into ground at 600kph, flight records show",2016-04-08 06:12:40
533866424,What you did in Iraq & Libya is the real barbarism – Russian FM spox rebukes US envoy to UN,2016-09-26 11:32:21
533866425,Sportswear giant threatens to dump Russian wrestling team,2016-07-29 09:13:26
533866427,Victims of brutal CIA interrogation win landmark ruling to sue black site psychologists,2016-04-23 10:30:00
533866428,Family of drowned SEAL trainee feels Navy deceived them,2016-08-02 22:35:08
533891336,'Obsession': Pope Francis decries pursuit of body perfection during mass for disabled,2016-06-13 07:24:58
533891337,Sanders attacks Clinton over Wall Street ties & ‘disastrous trade agreements’,2016-03-07 00:02:55
533891338,Far-right Britain First banned from every mosque in England & Wales,2016-08-18 09:40:33
533891340,"Bilderberg 2016: World’s top brass meets in Dresden to talk migrants, Brexit and US elections",2016-06-08 18:32:05
533891341,Bronx 'ain’t riding with' Cruz after anti-immigrant comments,2016-04-07 22:06:00
533891342,Sweet surrender: UK plans to fight child obesity with soft drinks sugar tax,2016-08-19 05:41:42
533891344,"Italian paper distributes Hitler’s Mein Kampf for free, sparking outrage",2016-06-11 16:09:33
533891345,Coe's IAAF presidency victory linked to corrupt official,2016-06-18 15:03:44
533891348,Never-ending ‘gun show’: US gov’t sent $2bn in military gear to cops since ’06,2016-05-11 13:05:57
533891349,Swedish scientists offer drug to pedophiles to stop them from sexually abusing kids,2016-05-08 21:21:00
533891351,"Train derails in dazzling Chicago lightning storm (PHOTOS, VIDEO)",2016-07-25 07:12:09
533891355,‘Hate cops?’: Billboard advising ‘call a crackhead’ provokes outrage,2016-07-19 22:24:45
533891358,Biker dodges death by the skin of his jacket (VIDEO),2016-06-30 20:21:07
533891357,Junior doctors’ strike: Cameron in last-ditch plea to halt walk-out over contracts,2016-01-11 12:15:00
533891360,Bernie Sanders beats Hillary Clinton in Wyoming caucus,2016-04-09 16:53:00
533891362,"Albuquerque Chaos: Anti-Tump rally explodes in hectic street battles (PHOTOS, VIDEOS)",2016-05-25 07:00:13
533891364,Russia reaffirms commitment to cooperate with Dutch MH17 crash investigators,2016-07-06 13:38:53
533891363,"‘Hey, Obama’: N. Korea lambastes US president in nuclear-themed letter from ‘Lincoln’",2016-04-12 19:23:00
533891365,Most Dutch against closer EU ties with Ukraine ahead of Wednesday referendum,2016-04-05 05:21:55
533891366,Google’s sister company wants to be in charge of public transportation,2016-06-28 18:50:24
533891367,Why black lives matter: 6 high-profile killings enraging America,2016-07-07 17:06:40
533891368,"‘Stop interfering’: China scolds Britain, tells it not to meddle in Hong Kong’s affairs",2016-10-14 04:32:47
533891369,"Iced in: Car ‘frozen solid’ after being parked by Lake Erie in Buffalo, NY (PHOTO)",2016-01-11 18:03:29
533891370,Top Russian lawmakers urge joint fight against terrorism after Nice attack,2016-07-15 09:11:47
533891371,Losing that ‘Top Gun’ feeling: Out-of-practice RAF needs dogfight training,2016-02-01 12:01:25
533891372,Hillary Clinton supporters endorse 19th century socialist Karl Marx as her vice president,2016-02-02 00:29:38
533891373,96 y/o Dr Heimlich uses his own maneuver for 1st time to save choking woman,2016-05-28 10:56:39
533891374,‘Floating alien with teleportation abilities’ caught on camera in Peru (VIDEO),2016-09-02 12:54:36
533891376,Spies targeted 20 VIPs in ‘unjustified’ surveillance operations,2016-07-27 12:01:13
533891377,NASA’s Juno spacecraft makes first close flyby of Jupiter,2016-08-27 12:55:26
533891378,"Putin brings box of Russian ice-cream for Xi, who turns out to be a fan",2016-09-04 07:17:06
533891379,‘Saxony’s justice fiasco’: Syrian bomb suspect’s death in German jail raises eyebrows,2016-10-13 08:06:53
533891380,‘Big deal’: NASA chooses 3 private space companies to deliver ISS supplies until 2024,2016-01-14 21:48:55
533891381,"Plane crash in Hudson River, search and rescue ongoing",2016-05-27 20:13:00
533891384,"Former slave-trading Georgetown University should offer reparations to descendants, report says",2016-09-01 10:32:00
533891385,"Beijing to build 10,000ft deep underwater lab in South China Sea",2016-06-10 10:06:32
533891386,"Turkish mayor says Ankara failed to inform town of migrant camp, tourist area ‘lacks security’",2016-04-04 16:52:15
533891388,Putin: Russia not going to cut off relations with Ukraine over Kiev’s plot in Crimea,2016-08-19 08:41:00
533891390,"Women face ""mass sex attacks"" by migrants if no Brexit - Farage",2016-06-05 09:07:32
533891391,Rocket starboard! Airline passengers witness Space X blastoff (PHOTOS),2016-03-07 13:23:38
533891392,‘Fake Jewish graves in Muslim cemeteries’: UNESCO slams Israeli occupation of Palestinian sites,2016-04-18 07:08:12
533891395,Ex-Barclays banker charged for leaking insider info to plumber,2016-06-01 11:16:58
533891396,Somali airliner makes emergency landing following onboard explosion,2016-02-02 12:50:01
533891397,No federal charges for officers in Jamar Clark shooting,2016-06-01 12:49:00
533891398,Black Lives Matter sides with Apple in iPhone encryption battle,2016-03-17 13:47:05
533891399,"Grenades thrown, gunfight as 2 terrorists attack police station in Istanbul",2016-03-03 03:32:00
533891400,"ISIS holding more than 3,500 slaves in Iraq, mostly women & children – UN report",2016-01-19 07:58:44
533891401,Kenya renews military pact with former colonial master Britain,2016-09-02 11:24:33
533891402,Putin on Panama Papers: 'Info product' aimed to destabilize Russia,2016-04-07 10:42:02
533891403,Fidel Castro says he’s nearing the end in farewell speech,2016-04-20 14:57:57
533891404,‘Robotic sex may become addictive as sexbots can’t say no’ - expert,2016-09-05 12:16:00
533891405,Western drug companies tested products on East Germans during Cold War – report,2016-03-16 08:15:01
533891407,"Salafism is dangerous, Muslims should lead fight against it in France – PM Valls",2016-07-21 06:58:51
533891409,"'Long-term land grab': AfD to protest construction of 1st-ever mosque in Thuringia, Germany",2016-05-18 05:22:49
533891410,"Turkey revokes licenses of 21,000 teachers in widening post-coup purge",2016-07-19 13:12:19
533891412,Mad props: Regional pilots make miraculous landings in strong UK winds (VIDEO),2016-01-03 08:33:01
533891414,No more ‘Lucifers’: Senator proposes tough restrictions on Russian children’s names,2016-04-22 06:41:56
533891417,BBC’s WWIII: New show peddles ‘Putin’s invasion’ & nuclear attack on UK,2016-02-03 18:43:51
533891418,"Turkey’s Erdogan plans to expand Syrian military op, wants ‘safe zones’",2016-09-19 08:22:00
533891419,Obama implicated in Clinton email scandal – New FBI docs,2016-09-24 17:22:00
533891421,"Putin orders start of Russian military withdrawal from Syria, says ‘objectives achieved’",2016-03-14 13:42:00
533891422,German cities introduce ground traffic lights for distracted phone users,2016-04-26 21:29:39
533891423,Kiev police fines ‘Osama bin Laden’ for stopping near US embassy - media,2016-02-21 08:42:50
533891424,'Russia's not US patience over ceasefire violations in Syria running out' - Chief of Staff,2016-06-21 04:42:58
533891427,"‘What’s the point?’ US drone strike ‘kills’ Afghan Taliban chief, allegedly to help peace efforts",2016-05-21 19:01:00
533891428,Ban on Meldonium may increase deaths among athletes – inventor of drug used by Sharapova,2016-03-09 16:19:41
533891429,"Ex-wife of Orlando nightclub shooter: 'He abused me, had bipolar disorder & anger towards gays'",2016-06-13 05:50:01
533891430,"‘Depressed? Smoking? It’s the Neanderthal in you,’ scientists say in first study of its kind",2016-02-12 04:45:18
533891431,"Macedonia protesters denounce amnesty for officials accused of wiretapping, vote fraud & corruption",2016-04-21 03:39:51
533891432,"‘Bloody battle of attrition’: UFC fans react to ‘brutal’ McGregor-Diaz brawl (PHOTOS, VIDEOS)",2016-08-21 07:17:54
533891456,Chinese stocks tumble over capital outflow concerns,2016-01-26 04:21:35
533891457,Chilcot redacted? Spies to scrutinize Iraq war report before publication,2016-04-11 07:21:09
533891458,Gulf states & Arab League condemn 'Sue the Saudis' 9/11 law,2016-09-12 12:15:04
533891459,Colonel dogged by allegations of justifying rape in wartime to become IDF’s new chief rabbi,2016-07-12 06:59:31
533891460,"EU, Turkey reach deal on migrant crisis, implementation set for Sunday",2016-03-18 10:35:00
533891461,Over 30 Iranian students lashed 99 times for attending mixed graduation party,2016-05-28 10:43:47
533891463,Russia’s 1st forward-swept wing training aircraft performs maiden flight (VIDEO),2016-01-01 11:58:21
533891464,Universal karma? Indian man believed first to be killed by meteorite,2016-02-07 20:51:44
533891465,FBI fails to crack San Bernardino shooter’s encrypted phone,2016-02-09 23:17:53
533891466,"Erdogan to eradicate ‘separatist & terrorist’ infiltrators, inject army with ‘fresh blood’",2016-07-21 20:39:56
533891467,Assad could have quelled Syria violence with timely democratic reforms – Russian diplomat,2016-02-15 05:48:56
533891468,"Machete-wielding man kills 1, injures 2 in Reutlingen, Germany",2016-07-24 11:51:00
533891469,Eerily symmetrical ‘pits’ spotted in 3D image of Martian volcano (PICTURE),2016-09-14 14:14:43
533891471,Erdogan: 'I don’t respect court ruling to free Cumhuriyet journalists',2016-02-28 09:52:23
533891472,‘Hobbicide’? Humans chief suspects in ancient ‘Hobbit’ genocide after teeth found in cave,2016-09-23 05:53:28
533891473,"Supreme Court makes major ruling on abortion, gun rights",2016-06-27 10:12:57
533891475,BDS suppression backfires as universities pass resolutions,2016-04-25 18:01:43
533891476,"Monster meals: Gigantic sandwiches, mega pizzas & swimming-pool sized soups",2016-05-28 05:23:31
533891477,‘Time to help them’: Israeli justice minister calls for independent Kurdish state,2016-01-20 03:31:00
533891478,"That’s a paddlin’: Alabama still spanking kids, gender & race gaps persist",2016-09-14 23:57:00
533891479,Austria is not Germany's ‘distribution hub’ for refugees – Chancellor Faymann,2016-03-02 15:34:16
533891481,"World Cup caused Pope Benedict’s earlier resignation, personal aide claims",2016-10-02 14:28:00
533892279,Video of Denver inmate dying at hands of deputies raises calls for federal investigation,2016-01-25 13:57:00
533892280,Ramadan row sparked Dusseldorf migrant center blaze - German prosecutor (VIDEO),2016-06-09 13:38:41
533892281,‘Business as usual’: Activists condemn G4S at AGM over Israeli human rights abuses,2016-05-26 13:02:00
533892283,"Paris: Gunfire in Bastille area, at least one wounded",2016-03-10 12:49:00
533892285,"Facebook sued over facial recognition, judge refuses to throw case out",2016-05-06 20:16:44
533892286,"#HackingHillary: Coughing fit causes concern over Clinton’s health, sparks sarcastic viral hashtags",2016-09-06 14:00:04
533892287,"Air pollution linked to 16,000 premature births, costs US over $4.3 billion – study",2016-03-29 23:19:06
533892289,Beijing criticizes US 5x tax hike on Chinese steel,2016-05-19 06:37:33
533892290,61% of Americans don’t feel represented by either Democrats or Republicans,2016-10-26 07:34:41
533892292,"North Korea says 'US declared war', social media mocks massively",2016-07-28 21:51:13
533892295,"Blasts, fire at weapons factory in Azerbaijan, casualties feared (VIDEO)",2016-07-26 08:09:00
533892294,Tulsa cop who shot Terence Crutcher charged with 1st degree manslaughter,2016-09-22 16:42:00
533892296,"‘I’m not sorry’: Texas man gets life in jail for infecting 23-month-old baby, teen with HIV",2016-03-18 23:59:09
533892293,Clinton’s support drops 16% among youth in one year – poll,2016-07-30 00:01:33
533892297,Russian court orders block of Ukrainian witch-hunt website,2016-08-01 10:04:41
533892298,German & French olive branches offered to post-Brexit Britain,2016-07-04 10:32:40
533892299,"Super Bowl celebrations turn violent: Cops arrest 12 & use pepper spray in Denver (PHOTOS, VIDEO)",2016-02-08 06:06:24
533892300,Police clash with protesters after officer-involved shooting in Salt Lake City- reports,2016-02-27 23:02:00
533892301,Maria Sharapova enrolls at Harvard,2016-06-26 08:10:52
533892302,Iran releases images of 1st self-manufactured missile defense system,2016-08-21 14:31:19
533892304,"Help reunite refugee families, 200 faith leaders tell Theresa May",2016-09-12 06:10:14
533892305,"Elite’s unwritten style rules mean brown shoes & loud ties a no-no for banking jobs, study concludes",2016-09-01 09:32:22
533892307,RT traces the trail of 2 Russian sisters believed to have joined ISIS in Syria (EXCLUSIVE),2016-07-07 01:12:00
533892308,Conservative porn? Ted Cruz’s campaign ad accidentally features adult movie star,2016-02-12 02:16:00
533892309,"English people ‘mad, ridiculous, cunning’ says newly-republished 1944 book for US servicemen",2016-10-12 06:48:09
533892310,Sberbank leading fight against cybercrime in Russia,2016-06-01 10:17:36
533892311,‘13 Hours’: Benghazi movie makes for a political show,2016-01-19 12:28:57
533892312,Eyewitnesses dispute police account of Charlotte protester’s death (EXCLUSIVE),2016-09-22 20:38:00
533892314,Directing people away from ISIS: Google to show anti-radicalization links to extremism searchers,2016-02-03 11:16:29
533892315,"Dallas protest turns violent, 3 officers dead",2016-07-08 00:08:00
533892316,Italian priest slammed for not allowing autistic child to receive Holy Communion,2016-06-14 19:21:19
533892318,UK ‘lobbied to water down’ UN criticism of Bahrain human rights abuses,2016-02-21 17:19:34
533892320,"6 police officers may face manslaughter charges in Leon Briggs case, IPCC rules",2016-03-09 08:19:47
533892321,N. Korea chides US for ‘laughable’ sanction threats after Pyongyang’s latest nuclear test,2016-09-11 08:49:50
533892323,'We are fighting for right to hold a World Cup match in Chechnya' - Kadyrov,2016-09-17 12:29:00
533892324,Cherchesov named Russian national team boss following Euro embarrassment,2016-08-11 11:19:45
533892327,"NY women fight ‘tampon tax’ in court, accuse state of discrimination",2016-03-04 17:10:01
533892330,House Republicans vote down LGBT rights measure,2016-05-20 23:17:16
533892331,Mysterious Bitcoin creator finally revealed as Australian Craig Wright,2016-05-02 04:27:43
533892332,Alaska school hid evidence of employee sexually abusing disabled kids – lawsuit,2016-09-02 13:01:51
533892335,Prankster making fake ‘mayday’ calls costs US Coast Guard $500k,2016-07-24 13:28:02
533892336,European sovereign debt crisis could cause Eurozone implosion - ex-BoE chief,2016-02-29 11:44:00
533892338,Death of a star: Hubble telescope captures amazing image of celestial body’s demise (PHOTO),2016-09-24 08:10:35
533892340,Feather diplomacy: Putin gifts falcon to visiting Emir of Qatar (VIDEO),2016-01-20 15:17:19
533891482,French national screaming ‘Allahu Akbar’ stabs British woman to death in Australia,2016-08-24 06:00:57
533891484,Disappointed Iraqi migrants return home with ‘idealized’ expectations of Europe shattered – report,2016-08-16 21:39:09
533891485,Endorsements put Stephen Curry on fast track to top of NBA pile,2016-03-26 10:22:22
533891486,Life imitates art: Caravaggio masterpieces come alive in spectacular display (VIDEO),2016-04-29 09:11:28
533891488,Actor says he impersonated Russian mercenary in Syria for Sky News report,2016-08-18 17:10:12
533891489,Zika virus suspected of causing brain damage to babies to spread throughout Americas - WHO,2016-01-25 04:27:00
533891490,"‘Smash a p**i’ video shows schoolboys kicking, punching Asian boy in racist attack (VIDEO)",2016-09-28 11:56:21
533891491,"Iran days from disabling Arak reactor core, paving way for lifting of sanctions",2016-01-12 06:18:23
533891496,May scraps ‘minister for Syrian refugees’ role invented by Cameron,2016-07-25 09:35:09
533891497,Best bar none! Woman gives prison 5-star review for ‘respect & dignity’ during incarceration,2016-08-03 12:13:00
533891498,Fact-checking Trump’s claim that illegal immigration costs US taxpayers $113 billion annually,2016-08-31 23:47:12
533891499,"6.1 magnitude earthquake strikes off coasts of Spain, Morocco",2016-01-25 03:18:00
533891501,"ISIS destroys 2,000-year-old legendary ‘Gate of God’ in Iraq",2016-04-13 14:10:48
533891500,Lavrov: Russia open to widest possible cooperation with West,2016-03-03 08:50:26
533891502,"Nestle’s Willy Wonka Candy Factory evacuated over chemical spill, 11 workers hospitalized",2016-06-18 01:25:50
533891503,Cameron’s ‘bunch of migrants’ slur against Calais refugees branded ‘shameful’,2016-01-27 09:47:31
533891504,Grandparents turn teen in after seeing him on CCTV,2016-02-21 21:02:22
533891506,"‘Not a whodunit’: Florida inmate begged for help as guards gassed him to death, lawsuit claims",2016-09-20 21:03:08
533891507,"Tens of thousands flood Warsaw in ‘biggest’ anti-govt, pro-EU protest in decades (VIDEO)",2016-05-07 17:47:57
533891508,Flying tanks: Russia’s robotic Armata system to have own scout drone,2016-04-19 02:50:00
533891509,Russia’s former nuclear boss appointed deputy head of presidential administration,2016-10-05 11:16:46
533891510,"Traffic app 'leads' Israeli soldiers to Palestinian camp, prompting shootout & rescue operation",2016-03-01 11:57:54
533891513,Skydivers fall to their deaths in Olympic rings performance in Brazil,2016-07-02 10:57:08
533891514,FBI gets warrant to force woman to unlock iPhone with fingerprint,2016-05-02 15:21:21
533891515,Over half of British parents are letting their kids drink booze at home – study,2016-08-19 11:30:38
533891517,Adventurer surfs meters from lava-spewing volcano in Hawaii (VIDEO),2016-08-14 19:31:21
533891519,Danger: Radioactive Cold War stash & Greenland's melting ice-sheet,2016-08-05 11:33:00
533891520,"Central, east Texas hit with major storm, flash flooding shuts down Houston",2016-04-18 13:59:55
533891522,TSA body scanners scare people into less-safe cars – lawsuit,2016-05-02 20:09:02
533891526,No bots about it: Using scalping bots can result in year in jail,2016-06-20 20:43:12
533891528,Saudi Arabia to boost non-oil income by 2020,2016-04-04 06:44:46
533891531,Austrian dominatrix avoids jail despite client’s sex game fatality,2016-09-26 12:53:22
533891532,Iceland firm offers England team free whale-watching trip to soothe 'upcoming loss' at Euro 2016,2016-06-23 12:30:00
533891533,New blast in Kabul follows attack that killed at least 28,2016-04-19 10:57:00
533891534,Drones to replace $127bn worth of human labor - PwC,2016-05-12 03:19:54
533891536,China denies US carrier group entry to Hong Kong amid South China Sea tensions,2016-04-29 14:36:53
533891538,"European bison 'Sauron' poisoned, decapitated at reserve in Spain",2016-09-23 17:24:07
533891542,N. Korea fires 3 rockets hours after Seoul justifies US anti-missiles as ‘inevitable self-defense’,2016-09-05 00:03:00
533891543,Labour leader Corbyn invites Trump to visit London mosque,2016-01-17 12:02:00
533891544,Safe driving: Tesla autopilot drives owner suffering pulmonary embolism to ER,2016-08-07 19:21:00
533891545,War crimes tribunal to pass judgement on Bosnian Serb leader Karadzic,2016-03-23 21:30:10
533891546,9 reasons why Ireland’s elections are the best in the world,2016-02-24 14:47:27
533891548,Merkel’s party calls for full-face Muslim veil ban as ‘burqa contrary to integration’,2016-08-16 06:10:50
533891549,Police release shocking footage of toddler trying to revive mother after drug overdose (VIDEO),2016-09-22 18:40:09
533891550,Kaine vs. Pence: Quiet but controversial men square off in veep debate,2016-10-04 18:10:54
533891553,Most Germans say refugee crisis 'uncontrolled' by Merkel govt – poll,2016-02-04 02:32:18
533891554,Pregnant women should keep off Miami Beach due to Zika virus spread – official,2016-08-19 17:09:13
533891556,"Putin: Ankara 'not so much fights radicals as cooperates with them,' civil war underway in Turkey",2016-04-14 06:39:00
533891559,250 ISIS fighters reportedly killed in US airstrikes on convoy near Fallujah (VIDEO),2016-06-30 03:27:32
533891562,‘Racial gerrymandering’: Court orders 2 N. Carolina congressional district maps to be redrawn,2016-02-06 19:28:30
533891563,Three Americans kidnapped in Baghdad – reports,2016-01-17 15:18:00
533891564,Italian bank ready to place Russian bonds despite US & EU directives,2016-04-07 07:50:26
533891565,Belgian police missed 13 chances to catch Paris attackers before tragedy – report,2016-10-09 09:13:04
533891566,Armed bystanders pull guns to stop 'Western shootout' in Walmart parking lot,2016-06-27 20:08:00
533891567,Chael Sonnen to make Bellator debut against Tito Ortiz in LA,2016-10-19 09:19:52
533891568,"Inmates seize top level, take hostage at Cook County Jail",2016-07-28 20:19:00
533891569,"Illegal & therapeutic? Ecstasy could prove beneficial for treating autism, researchers say",2016-07-15 12:40:00
533891570,Rape kit backlog results in lawsuits against police departments,2016-09-29 21:41:14
533891573,Trump & Clinton both cited losses to get tax breaks,2016-10-03 13:52:41
533891574,Russia ready to supply advanced air defense missiles to India – official,2016-03-29 09:03:10
533891575,2 suicide bombers blow themselves up in Ankara during police op,2016-10-08 00:54:00
533891576,"Sea of blue behinds: 1000's of naked bodies gather in Hull for Tunick installation (PHOTOS, VIDEO)",2016-07-09 11:31:06
533891577,Arctic convoy heroes: Almost 70 WWII veterans get Russian bravery medals,2016-07-07 09:34:00
533891579,152 inmates served extra jail time due to staff errors – Justice Dept watchdog,2016-05-25 08:20:39
533891583,"Ozone layer ‘to heal’ by 2050, hole shrank by 4 million sq km in last 15yrs – researchers",2016-07-01 08:20:09
533891584,US shifts troops in Afghanistan as Taliban makes gains,2016-08-22 13:00:00
533891585,Swaziland anti-poaching finance plan: Sell country’s stockpile of rhino horns,2016-04-29 12:31:22
533891592,US warship visits China for 1st time since Hague rejected Beijing’s S. China Sea claims,2016-08-09 09:57:00
533891593,Twice as big as Mars: Hubble spots molten ‘cannonballs’ blasting through space (IMAGES),2016-10-07 10:30:37
533891594,Irishman who fought against Islamic State with Kurdish YPG released from Iraq prison,2016-04-24 11:31:09
533891595,Propaganda warfare? Russia accused of backing hacker attack on Washington think tanks,2016-08-29 23:01:31
533891597,"Schengen at risk: EU has 'no more than 2 months' to get refugee crisis under control, Tusk warns",2016-01-19 12:07:41
533891598,World needs single antiterrorist coalition – Russian Orthodox Church spokesman,2016-02-25 05:17:37
533891599,"Eats well, found girlfriend: Russian replacement for slain police dog enjoys life in Paris",2016-01-14 09:36:20
533891600,ATP suspends Nick Kyrgios over Shanghai behavior,2016-10-17 07:50:54
533891601,Star Wars or NASA? Take the quiz!,2016-05-06 06:20:19
533891603,Putin & Erdogan may meet in person for first time since crisis over downed Russian jet,2016-06-29 07:18:00
533891604,"Philippines leader calls Obama ‘son of a b****,’ rejects lecturing from US on human rights",2016-09-05 16:02:00
533891606,Obama grants early release to 61 prisoners convicted of drug crimes,2016-03-30 16:49:40
533891607,Japan to expand African military base to counter Chinese influence – report,2016-10-13 17:04:41
533891609,"1 dead, 8 injured in multiple shooting in Grand Rapids, Michigan (PHOTOS)",2016-10-09 05:17:00
533891610,"700,000+ CIA docs close to release as ‘national security geek’ nears Kickstarter goal",2016-02-16 21:43:20
533891611,New details reveal intensity of deadly standoff between police and Baltimore mother,2016-08-04 14:43:27
533891612,"Despite Bernie’s landslide victory, Hillary receives more New Hampshire delegates",2016-02-10 13:48:00
533891613,"ECB leaves interest rates at record lows, hints at more stimulus",2016-10-20 10:43:16
533891614,"Most Ebola survivors struggle with memory loss, tremors 6 months after infection – study",2016-02-26 04:29:09
533891615,German economy slows on weak investment in construction,2016-08-12 06:48:04
533891616,Internet vents fury at 'foul' cartoon equating gay marriage activists with Nazis,2016-09-22 19:33:00
533891617,40 migrants arrested as 300 police raid Dusseldorf ‘Maghreb’ neighborhood (VIDEO&PHOTOS),2016-01-17 14:58:24
533891618,Ex-SEAL who wrote about Bin Laden to pay US govt $6.6mn in book settlement,2016-08-20 04:18:23
533891620,Opioid abuse bill passed by House after Democrat funding fight fails,2016-07-09 22:59:45
533891622,Turkish police teargas rally honoring 15yo killed in anti-govt Gezi protests (VIDEO),2016-03-11 20:49:35
533891623,Indonesia police foil ‘ISIS-linked rocket attack’ on Singapore,2016-08-05 11:42:01
533891624,UK bonuses hit record £44bn beating pre-crisis peak,2016-09-16 06:26:19
533891625,World trade growth weakest since 2009 financial crisis – WTO,2016-09-27 10:03:01
533891628,"US Air Force to ground over a dozen F-35 warplanes, citing poor manufacturing & ‘crumbling’ material",2016-09-16 18:48:09
533891629,"2nd Brexit referendum ‘may be justified,’ says ex-attorney general",2016-07-05 10:19:06
533891631,Austria's far-right Freedom Party challenges presidential election result – court,2016-06-08 08:56:42
533891632,"9 injured in clashes at Anadolu University, Turkey (VIDEO)",2016-04-13 11:18:07
533891633,"Big penalties, jail time for not registering drones – FAA",2016-02-23 01:35:59
533891634,Neymar signs for Team Jordan,2016-01-07 15:27:31
533891635,You thought New York snowboarding was cool? Here’s how Russians do cool (VIDEO),2016-02-01 16:08:26
533891637,Empathy loss: Tylenol makes you care less about other people’s pain – study,2016-05-12 14:06:25
533891639,"Texas police find dozens of people held captive in fake treatment centers, arrest 10",2016-10-07 17:27:50
533891640,Let’s Dance: Bowie fans honor ‘Starman’ at London ‘shrine’ (LIVEFEED),2016-01-11 10:55:00
533891641,All flights halted at Cologne airport after security breach,2016-05-30 06:03:00
533891642,‘Thou shalt not kill’: Pope Francis calls for worldwide ban on death penalty,2016-02-21 09:16:09
533891643,"Donald Trump supports increasing the minimum wage, for now",2016-07-27 21:01:09
533891644,"Dozens of Turkish military vehicles cross Syria border, dig trenches – report",2016-02-18 16:27:13
533891646,Leaked: UK-made military spy gear on offer to US police,2016-09-02 09:13:48
533891647,Yarl’s Wood detainees display banner alleging sexual assault by guards,2016-03-14 08:29:00
533891648,Real-time map of every object in Earth’s orbit shows shocking amount of debris,2016-05-10 16:42:44
533891649,Transformers brought to life in bizarre shape-shifting BMW vehicle (VIDEO),2016-09-22 15:59:45
533891650,"EU approves anti-terror plan to collect airline data of passengers travelling in, out of bloc",2016-04-14 17:11:31
533891645,Turkey President Erdogan files complaint over satirical poem by German comedian,2016-04-12 05:17:30
533891652,Putin calls for integration of Eurasian business,2016-06-17 10:44:27
533891653,German nuclear plants are vulnerable to terrorist attacks – study,2016-03-24 16:57:43
533891655,‘Concerned’ father convicted for child porn after keeping stepdaughter’s sexts to boyfriend,2016-10-10 11:53:07
533891657,Iraqi’s case against MoD for alleged abuse by British troops could open floodgates,2016-06-14 10:36:12
533891659,Latvia’s Waffen-SS veterans march alongside far-right lawmakers (VIDEO),2016-03-16 09:53:21
533891661,Sabotage? Police suspect foul play in Farage assassination attempt,2016-01-03 08:24:00
533891663,"Starbucks systematically under-fills lattes to save money, lawsuit claims",2016-06-21 17:50:26
533891665,‘Boaty McBoatface’ finally under construction with help from David Attenborough,2016-10-17 09:41:40
533891666,No deal reached by Deutsche Bank with US regulators,2016-10-10 08:15:00
533891667,Pimp my ride: Mumbai taxis transformed through fabric art interiors,2016-02-02 09:43:18
533891669,Thousands defy rain to join anti-TTIP and anti-CETA rallies in Germany,2016-09-17 10:16:27
533891671,Swastikas daubed around London playground next to Jewish care home,2016-06-16 10:33:34
533892063,"Suspected killer of two cops arrested in Palm Springs, Ca.",2016-10-08 18:54:00
533892069,Washington Post turns on Snowden despite receiving Pulitzer Prize for his NSA leaks,2016-09-19 05:49:32
533892071,Assad could be part of transition period in Syria – Turkish PM,2016-08-20 11:53:00
533892072,British PM begging for EU concessions ‘humbling and humiliating’ – UKIP’s Farage to RT,2016-02-18 21:44:12
533892076,‘Starvation as a weapon is a war crime’: UN head blasts warring sides in Syria,2016-01-14 18:04:00
533892078,‘Violation of sovereignty’: Moscow slams Obama decision to send 250 more US troops to Syria,2016-04-29 06:56:56
533892077,Powerful image of drowned baby highlights divisions in migrant crisis response (PHOTO),2016-05-31 13:00:17
533892079,"Meet Anastasia Yankova, rising star of women's MMA (RT Exclusive video)",2016-05-03 07:04:07
533892080,A fish with legs? New Zealand experts to identify unknown deep sea creature,2016-01-19 15:46:19
533892081,Oceans Away: Man who lives by sea complains about the sand,2016-01-29 08:42:47
533892082,Trident nuclear submarine officers destroy Navy bar in drunken riot after 3 months at sea,2016-09-30 07:30:12
533892083,US journalist arrested in Turkey after escaping Al-Nusra,2016-08-31 21:25:59
533892085,New leak reveals extent of Clinton ties with US media,2016-10-10 09:29:20
533892086,Double standards? Britain scolds South China Sea rivals while deploying to own island colonies,2016-04-12 09:08:33
533892087,Finland wins again but US slips up on Hockey World Championships Day 10,2016-05-16 04:16:35
533892088,Weeeee! Shanghai mall installs giant slide (PHOTOS),2016-02-16 06:35:00
533892557,"Canada becomes 2016 Ice Hockey World champions, defeating Finland 2-0 in Moscow final",2016-05-22 16:00:00
533892559,Europe wants a slice of Apple,2016-09-12 06:27:03
533892558,No internet? No problem! Comedian shouts news to web-deprived Assange (VIDEO),2016-10-21 12:01:46
533892560,"'Origami meat robot' is a thing now, thanks to science and pig intestines (VIDEO)",2016-05-13 15:20:05
533892561,"Typhoon Haima strikes China after killing 13 in the Philippines (PHOTOS, VIDEOS)",2016-10-22 07:03:47
533892562,Hubble Telescope snaps a pic of two galaxies becoming one,2016-01-06 18:55:20
533892563,Danish conglomerate Maersk to split into two separate units,2016-09-22 05:32:25
533892564,"iMessage, but who reads? Apple logs message contacts and location",2016-09-28 19:55:16
533892565,AR mother arrested after 3-year-old found dead in washing machine,2016-07-30 00:20:21
533892566,Replacement chemical in Teflon causing cancer in lab rats - report,2016-03-07 18:45:36
533892568,"Judge rules ‘affluenza’ teen to be moved to adult court, could face 40 years",2016-02-19 18:10:05
533892570,From Siberia with love: Silver Oscar cast for DiCaprio after fans donate their jewelry (VIDEO),2016-02-26 17:17:07
533892571,"Sadiq Khan wins London election, becoming first Muslim mayor of major Western city - reports",2016-05-06 11:54:00
533892573,"Mysterious massive stone ball discovered by Bosnian ‘Indiana Jones’  (VIDEO, POLL)",2016-04-14 07:29:22
533892572,"Israel to destroy Palestinian school in West Bank, UN demands halt to demolitions",2016-08-18 07:32:42
533892576,All aboard segregation bus! German driver tells Gambian man front seats ‘reserved for white people’,2016-05-11 03:12:49
533892574,"Among delinquent youth, Whites more likely to abuse hard drugs vs Blacks or Hispanics",2016-03-18 14:29:31
533892577,Syrian Army battles Al-Nusra terrorists in strategic Latakia hilltops (DRONE FOOTAGE),2016-04-26 23:47:32
533892581,Catch me if you can: UK police arrest drug dealer who taunted them on Facebook,2016-02-06 15:58:52
533892580,"ISIS now calls on young recruits to blow themselves up at home, Belgian authorities say",2016-10-12 06:22:00
533892582,Storm in a teacup: Cranky customer calls cops after getting wrong drink in café,2016-09-03 16:21:19
533892583,Not Quik enough: Nestle ends sponsorship of IAAF scheme,2016-02-11 09:30:21
533892587,"TrumpFC: Another rally, another fight",2016-04-11 22:21:53
533892585,Iran’s surveillance drone takes ‘precise’ images of US aircraft carrier,2016-01-29 16:32:33
533892589,UK gov’t plan to oppose ‘Russian propaganda’? Pump money into BBC,2016-09-15 14:26:36
533892588,‘I don’t need war’: Bulgaria rules out joining NATO flotilla in Black Sea,2016-06-17 06:44:07
533892590,Russian MMA star Shlemenko cleared to fight again after court lifts ban,2016-07-22 09:22:47
533892591,US deploys F-22 stealth fighter jets to Romanian base on Black Sea,2016-04-25 11:00:00
533892597,360 video: Dozens of people pay tribute to victims of Brussels attacks,2016-03-23 03:25:00
533892592,"Boeing, Boeing, gone: Plane manufacturer put ‘undue pressure’ on US regulators",2016-06-13 22:32:54
533892594,US coalition forces kill ISIS deputy leader in Syria – report,2016-03-25 09:16:00
533892596,‘One-of-a-kind Internet original’: Yahoo listed as an ‘antique’ for sale on Craigslist,2016-04-29 22:24:31
533892599,Russian Patriarch Kirill flies to Cuba for historic meeting with Pope Francis,2016-02-11 02:19:43
533892595,‘Justice prevails’: Activist who graffitied military vehicle has criminal case dropped,2016-01-29 12:57:00
533892603,World celebrates ‘Kiss a Ginger Day’ by snogging redheads,2016-01-12 12:16:34
533892604,‘Biggest fan’: 5yo Afghan boy with plastic bag jersey could meet soccer idol Messi,2016-02-01 11:28:58
533892600,S. Korean court says Samsung worker’s ovarian cancer caused by exposure to chip chemicals,2016-01-29 17:08:03
533892602,Elementary? Robot ‘Dr Watson’ diagnosed rare leukemia after medics fail to find it,2016-08-08 19:51:58
533892601,Okinawa begins night patrols after US base worker confessed to killing local woman,2016-06-16 06:22:00
533892606,"IDF soldiers electrocute blindfolded Palestinian for fun, laugh while filming",2016-02-17 07:59:00
533892607,Join the army of citizen journalists with next-generation Ruptly Stringer app,2016-02-03 02:47:22
533892612,Get your guns: 10 hooded thieves steal 50 weapons from Texas store (VIDEO),2016-03-03 12:39:00
533892609,"83yo Florida man old dismembered, mauled to death by pack of dogs",2016-08-24 19:50:00
533892610,School head wows internet by leading ‘last bell’ dance with pupils (VIDEO),2016-05-26 11:20:00
533892618,70 sex attacks committed by children in 1 year – police,2016-03-14 07:59:44
533892616,"Israeli forces shell Lebanese town near border, injuries feared",2016-01-04 09:14:00
533892620,China halts cash flow to North Korea - media,2016-03-04 10:03:18
533892608,"Child sex abuse still rampant in Rotherham despite report on 1,000s of victims – Express UK probe",2016-08-11 07:16:06
533892622,Iran unveils combat UAV based on captured US spy drone design (VIDEO),2016-10-01 10:32:00
533892619,"Arab royal families, ‘wealthy princes’ must stop financing ISIS – British MPs",2016-07-12 06:51:58
533892621,"Pentagon insists Russia violated Turkish airspace, calls for calm on both sides",2016-01-31 05:04:53
533892624,"Turkish court rules rights of detained Cumhuriyet editors were violated, release expected – report",2016-02-25 11:22:00
533892629,Fearless climber scales world’s tallest church in nail-biting footage (VIDEO),2016-04-13 11:02:00
533892626,"All-women crews sail for Gaza, hoping to break decade long Israeli blockade",2016-09-14 20:31:04
533892627,Syrian YPG allegedly uses US high-tech anti-tank missile to blow up ISIS truck (VIDEO),2016-02-24 07:37:33
533892628,Russian oil exports to China hit record high in April,2016-05-23 06:11:51
533892623,"Watch Nelson Mandela's 1st TV interview ever, just unearthed by Dutch archivist (LOST VIDEO)",2016-09-01 14:08:00
533892632,"Protesters throw flares, clash with police, storm presidential HQ in Macedonian capital",2016-04-13 15:30:00
533892633,"FBI confirms Orlando shooter claimed links to ISIS & Al-Nusra, cited Boston bombers",2016-06-13 23:12:11
533892634,"‘Zero chance of coup’: Military should be more involved in politics, says historian",2016-06-02 10:05:07
533892635,"Blockupy Berlin: Anti-capitalist, pro-refugee rallies end in clashes with police, arrests (VIDEO)",2016-09-02 13:35:37
533892636,Self-proclaimed bitcoin creator building patent empire around technology,2016-06-20 10:29:08
533892637,"Futuristic US railgun too expensive to use, similar projects in Russia – senator",2016-05-31 02:59:27
533892638,Presidential ‘seal’ of approval: Clinton campaigns with official POTUS seal,2016-07-05 17:30:56
533892639,"UN panel rules Julian Assange arbitrarily detained, entitled to liberty & compensation",2016-02-05 03:16:00
533892640,Breakthrough method could prevent autism – study,2016-01-30 08:47:35
533892641,Lawsuit accuses Yahoo of gross negligence over 2014 data breach,2016-09-24 01:19:19
533892642,Shift to multipolar world: Lavrov says Russia working to adjust foreign policy to new reality,2016-04-10 00:05:00
533892644,EU furious over Jose Manuel Barroso’s new job at Goldman Sachs,2016-07-12 09:10:11
533892645,19 months of terror: Savage throat-slitting of priest the latest attack to rock France,2016-07-26 14:21:41
533892646,Russia should stop ‘praying’ for higher oil prices – Rusal CEO,2016-02-19 04:18:36
533892648,BBC missed many chances to stop Jimmy Savile abuse – report,2016-02-25 05:08:00
533892649,Putin appoints new children's rights ombudsman,2016-09-09 06:42:00
533892650,Obama’s Trump-supporting half-brother to attend #Debate2016 as guest of The Donald,2016-10-19 07:44:37
533892651,John McLaughlin misses first show in 34 years over health concerns,2016-08-15 11:54:45
533892652,Court finds no discrimination in FBI pushup numbers for men and women,2016-01-12 14:20:00
533892653,Netanyahu calls Putin to discuss Palestinian-Israeli peace talks revival,2016-09-15 20:25:14
533892654,Merkel deputy slams Donald Trump as ‘threat to peace’,2016-03-06 08:41:41
533892655,"Ex-French Foreign Legion commander arrested at anti-Islam rally, due in court on Monday",2016-02-07 06:59:15
533892656,Protest outside Russian Embassy would increase hysteria against Russia – Stop the War leader,2016-10-12 09:16:55
533892658,China sends advanced warships to contested S China Sea for drills,2016-05-04 09:31:47
533892657,WARgrams released: How NSA used Iraq War as springboard for global intel gathering,2016-09-07 07:13:17
533892659,"Thug hits Spanish-speaking man in face with wooden plank, demands he ‘speak in English’",2016-10-20 11:54:28
533892660,"Brexit would have stark consequences for UK, global economy - OECD",2016-06-01 10:30:14
533892662,Brexit support hits record high – poll,2016-02-01 07:17:41
533892663,#Twitter10k brings out the best and worst of the internet,2016-01-06 11:51:53
533892665,Lavrov on Mosul operation: ISIS fighters may move to Syria,2016-10-18 05:42:00
533892666,Israel’s ‘only real existential threat’ is potential civil war – fmr Mossad chief,2016-08-30 21:00:00
533892668,360-degree view of Mars dunes offers glimpse into virtual space travel,2016-02-09 00:06:34
533892669,"Boris Johnson as PM would be ‘horror scenario,’ warns top Juncker aide",2016-05-26 06:24:43
533892670,800 DNA & fingerprint records of suspected terrorists ‘accidently deleted’ by police,2016-05-27 11:36:17
533892671,'Another black man with a gun': Dr. Dre handcuffed outside his home,2016-07-26 15:09:49
533892672,"Dying for a drink: Thirst killed last of the mammoths, study finds",2016-08-02 11:47:44
533892673,Mumford & Sons boycott Swedish festival over sexual assault reports,2016-07-06 16:27:38
533892675,Naked ambition: Mayor's wife opens cannabis shop next to her strip club,2016-02-15 14:26:00
533892676,Roger Federer calls for doping push following Sharapova case,2016-03-25 10:45:00
533892679,Turkish court convicts man for comparing precious President Erdogan to Gollum,2016-06-23 21:25:18
533892680,Saudi Arabian Airlines jet 'isolated' in Philippines due to false hijacking alarm,2016-09-20 04:29:00
533892681,Keith Scott’s past scrutinized following Charlotte police shooting,2016-09-27 22:06:27
533892684,Longest-standing solitary confinement prisoner in US to be released,2016-02-19 14:23:00
533892685,Russia ready to support weekly 48-hour humanitarian ceasefires in Aleppo – Defense Ministry,2016-08-18 13:17:00
533892686,What tensions? Chinese ships join US Navy in massive Pacific exercise,2016-06-27 16:43:36
533892687,Vitaly Mutko: ‘My work in preparation for the 2018 World Cup will not cease’,2016-10-23 13:29:27
533892688,Phoenix mayor urges DOJ to probe Arizona primary after voters claim ‘election fraud’,2016-03-25 01:34:34
533892089,"Britain downgrades human rights across globe, Amnesty warns",2016-02-24 07:59:37
533892090,German govt wants Facebook to share user data at short notice,2016-08-07 14:54:25
533892091,"Asbestos, other toxic chemicals finally set to be regulated by EPA",2016-05-25 18:51:18
533892094,Snowden’s anti-extradition lawsuit dismissed by Norwegian court,2016-06-27 08:31:57
533892095,‘You can go your way’: Erdogan rejects demands to change anti-terror law for EU visa deal,2016-05-06 10:17:00
533892096,China’s newest spy plane revealed,2016-03-17 16:21:10
533892097,Human organ transplants could be 3D-printed in 15 years – Russian researchers,2016-02-09 09:21:07
533892099,Wanted murder suspect found ‘working in Subway’,2016-01-22 12:02:57
533892100,Fukushima medical survey confirms 16 new child thyroid cancer cases,2016-02-17 00:06:00
533892104,9 of Scalia's most controversial comments,2016-02-14 16:42:00
533892101,Deporting migrants who earn less than £35k is ‘crude’ & ‘ludicrous’ – MPs,2016-03-08 08:13:53
533892098,"World’s biggest arms fair in London likely infiltrated by criminals, judge rules",2016-04-19 12:48:44
533892107,More Germans would quit sex than give up driving in return for €1mn,2016-09-13 13:06:54
533892105,US halts cluster bomb deliveries to Saudi Arabia amid growing civilian death toll in Yemen – report,2016-05-28 00:51:03
533892109,IMF cuts global growth outlook for 2016,2016-01-19 08:42:19
533892112,Pacquiao apologizes for gay slur,2016-02-17 09:44:01
533892113,4 killed at Australian theme park while riding ‘Thunder River Rapids’,2016-10-25 03:48:56
533892108,‘Democracy Now!’ journalist pursued by N Dakota prosecutors despite dropping of charges,2016-10-18 16:00:48
533892114,Bank of England to support markets after Brexit financial fallout (VIDEO),2016-06-24 05:45:00
533892118,No more ‘rape & honey’: Canadian town drops 60-yo slogan,2016-08-23 00:42:06
533892117,"Hungary to block sanctions on Poland, Warsaw grip on media & judiciary tightens",2016-01-08 16:05:49
533892120,"‘Merkel must go!’ Hundreds protest in Dresden on German Unity Day (PHOTOS, VIDEOS)",2016-10-03 05:48:42
533892121,Russian women claim tennis doubles gold at Rio Games,2016-08-14 12:58:00
533892122,Russian recession contracting but not done yet,2016-01-15 04:56:00
533892119,"Poland must target Kaliningrad, Moscow Metro & RT to deter Russian invasion – think tank",2016-07-22 11:16:00
533892126,WADA reports 98 positive drug tests since Olympic Village opening,2016-08-15 15:57:25
533892127,Rio Olympics terrorist suspect found 'brain dead' after prison beating,2016-10-16 10:37:41
533892125,Germany’s top court backs Canadian trade deal despite opposition,2016-10-13 10:08:01
533892130,Tourists from Middle East to explore Russia,2016-01-09 09:29:12
533892132,VIDEO: Tel Abyad and Suluk after Kurdish fighters ‘repel ISIS attacks’ in Syria,2016-02-28 16:10:09
533892129,Syrian refugees pepper sprayed after ‘welcoming event’ at Vancouver Muslim center,2016-01-09 14:24:54
533892134,"Gone with the wind: Abu Dhabi Airport devastated by heavy storm (PHOTO, VIDEO)",2016-03-10 01:07:22
533892136,Russia destroys US 7-2 to claim bronze at Ice Hockey World Championships,2016-05-22 11:35:00
533892131,The purge: Senior DNC staff resigns after email revelations,2016-08-02 18:52:39
533892137,UN’s first space mission will fly ‘Dream Chasers’ into orbit by 2021,2016-09-29 18:57:06
533892133,Russian mom arrested in US on ‘phony pretext’ over custody claim – children’s ombudsman,2016-06-05 01:11:00
533892135,‘Occupation must end’: Israeli rights group calls on UN Security Council to take action,2016-10-15 06:22:44
533892138,Dutch MPs refuse to give up on ratification of EU-Ukraine deal despite no vote at referendum,2016-04-19 17:17:29
533892141,Poop palace: India's Taj Mahal damaged by green slime from insects,2016-05-23 13:37:00
533892140,Denmark may strip radical imams of citizenship,2016-03-23 16:30:18
533892142,Hairy panic strikes Australian town: What is this toxic tumbleweed?,2016-02-18 06:26:25
533892147,5.6 magnitude earthquake strikes outside Tokyo - reports,2016-05-16 08:33:00
533892145,Scientists to make gravitational wave announcement 100 yrs after Einstein's theory of relativity,2016-02-10 11:53:00
533892151,29 killed in suicide truck bomb attack south of Baghdad - police,2016-03-06 06:19:00
533892149,"Black student gets $1 damages from each of 18 cops that falsely beat, tasered him – report",2016-09-01 06:25:00
533892153,Brussels attacks: #StopIslam trending worldwide as Twitter reacts to bombings,2016-03-22 09:40:34
533892150,D’oh! Candidate for Congress leaves open porn tabs in Facebook photo,2016-05-17 18:15:50
533892152,"1,000 crack British troops deployed to Libyan oil fields to ‘halt the advance of ISIS’",2016-01-04 07:34:38
533892157,Sky Magic: ‘Dancing’ drones light up Mount Fuji in dazzling musical show (VIDEO),2016-05-02 08:05:55
533892158,Russian army to test-drive 20 Armata tank prototypes,2016-02-28 06:51:48
533892156,Naked escorts chase gunmen through Atlanta hotel,2016-01-04 07:46:21
533892159,Building walls only worsens refugee crisis – German Left politician to RT,2016-09-24 16:14:21
533892160,Over 50 dead in massive explosion in Afghanistan as 2 buses crash into fuel tanker,2016-05-08 07:11:36
533892162,NASA discovers atomic oxygen in Martian atmosphere for 1st time in 40yrs,2016-05-10 08:14:20
533892163,"2 injured in Budapest explosion, police evacuate central area",2016-09-24 17:35:00
533892165,Florida shop refused to sell guns to ‘very odd’ Orlando attacker,2016-06-16 17:20:03
533892170,Baltimore police shoot 13 yro who had replica gun,2016-04-28 12:16:47
533892172,"120 killed, 8.6 million affected as extreme rains flood China (PHOTOS)",2016-07-23 08:02:54
533892173,Who’s a clever girl? Canine conquers dog 'proof' container (VIDEO),2016-01-12 11:41:19
533892175,Verify me: Breitbart journalist lobbies White House over lost Twitter checkmark,2016-03-05 14:17:29
533892176,Cop body cam footage shows fatal shooting during knife standoff (GRAPHIC VIDEO),2016-09-14 08:30:00
533892177,Crimean leader: Power change in Kiev would restore ‘brotherly relations’ between Russia & Ukraine,2016-05-20 06:31:18
533892178,‘Lives shaped by violence & fear’: 80% of Syrian children affected by conflict – UNICEF report,2016-03-14 16:16:54
533892179,Erdogan announces 3 month state of emergency in Turkey after coup attempt,2016-07-20 16:34:00
533892180,NATO’s Polar Roar: 5 US bombers ‘intercepted’ in large-scale exercise over Baltic Sea,2016-08-01 18:19:21
533892181,"Obama dodges Dakota pipeline question, fails to back Native American protesters",2016-09-08 12:49:07
533892182,"Sanders campaigns on Pine Ridge reservation, but Clinton to skip it for Texas fundraiser",2016-05-13 12:46:53
533892183,"Cells intact, DNA stable: ISS experiment shows Antarctic fungi could survive on Mars",2016-01-30 20:17:14
533892184,"Two killed, three injured in shooting at Brooklyn’s Caribbean carnival event (VIDEO)",2016-09-05 11:44:00
533892185,France refused Israeli tech that could have foiled Paris attacks – security expert,2016-04-26 09:56:26
533892186,Times reporter abducted and shot in Syria says his kidnapper now US-backed rebel,2016-09-05 17:18:13
533892187,Virginia governor vetoes plan for return of compulsory electric chair,2016-04-11 13:06:03
533892189,"UN says closing Israeli border for 83,000 Palestinians may amount to ‘collective punishment’",2016-06-11 17:20:35
533892190,Mentally ill man dies without water in solitary confinement in Milwaukee jail,2016-09-16 04:08:51
533892188,"Navy SEAL who ‘killed’ bin Laden arrested for DUI in Montana, hours after trolling Sanders",2016-04-09 09:57:07
533892192,"‘Holocaust was a good time!’ Racist, anti-Semitic slogans scrawled on Exeter students’ T-shirts",2016-09-23 06:13:50
533892195,Ice hockey legend Gordie Howe dies aged 88 – reports,2016-06-10 09:35:00
533892197,Oil rebounds on possibility of 'formal' freeze talks meeting,2016-09-21 05:20:47
533892196,"Overhaul: Ferguson, Justice Department agree on major police reform",2016-01-27 23:13:32
533892198,"Muslim family ‘treated like aliens, branded terrorists’ on trip to English seaside town",2016-09-01 11:53:00
533892200,RAF kidnap-plotters seen in ‘dry run’ days before attempt,2016-07-25 06:17:29
533892201,‘Hot lesbians’ ad lands Canadian oil sands group in hot water,2016-07-27 02:41:28
533892202,If you go down to the woods today: Bear family goes viral (VIDEO),2016-05-17 23:08:02
533892204,16 since 2007: Another shoe containing human foot washes up along Pacific Northwest coast,2016-02-12 15:53:04
533892205,St. Louis cops face no charges for teen’s death,2016-06-02 21:15:33
533892206,‘GOP hit man’ Roger Stone AWOL after CNN bans him for racist tweets,2016-02-24 14:09:55
533892208,China creates world’s fastest computer without relying on US hardware for first time,2016-06-21 09:12:54
533892209,"Iraq invasion caused rise of ISIS, admits former UK foreign secretary",2016-10-19 11:53:24
533892212,Nessie's cousin? Scotland finally reveal ancient skeleton of Jurassic monster (PHOTO),2016-09-05 11:54:00
533892214,Too much exercise surprisingly won’t result in weight loss – study,2016-01-29 11:08:51
533892216,At least 11 killed in rebel rocket attack on Aleppo hospital – state media,2016-05-03 06:16:00
533892217,Armed robber flees after stern reprimand from fearless cashier (VIDEO),2016-10-03 09:34:35
533892219,Pharma company Insys marketed opioid drug at high-volume prescribers – lawsuit,2016-08-29 18:57:00
533892221,‘No license to kill’: Military should not be exempt from corporate manslaughter,2016-04-25 11:18:45
533892222,US sends extra Patriot missiles to S Korea amid rising tensions with North,2016-02-13 07:51:37
533892223,"China slams US for 'rape, murder & kidnappings,' defends own human rights record at UN",2016-03-10 16:32:10
533892225,Soviet giant: Biggest plane on Earth AN-225 Mriya lands in Australia (VIDEOS),2016-05-15 06:35:01
533892224,All Turkish academics banned from traveling abroad – report,2016-07-20 03:41:00
533892227,"99-million-year-old fossilized lizard found in Asia, may be ‘missing link’ to ‘lost world’",2016-03-06 08:43:59
533892226,US will never default on debt 'because you print the money' – Trump,2016-05-09 12:51:33
533892228,"Trump blasts Tony Blair for Iraq War ‘disaster,’ says Britain should stand up to US presidents",2016-05-17 08:02:26
533892231,"One of French church attackers identified, known to intelligence services – prosecutor",2016-07-26 15:44:00
533892232,Pig farmer or 007? Twitter gives Cameron career advice as legacy crumbles,2016-06-24 13:26:57
533892233,"Deadly blast devastates Turkish police HQ in Kurdish region, string of attacks reported",2016-01-13 18:48:06
533892236,Messi v Ronaldo row leads to stabbing death,2016-03-07 10:11:45
533892235,RT crew caught in tear gas in Paris amidst anti-labor reform protests,2016-03-24 07:34:00
533892234,"Black boxes of crashed Flydubai plane decoded, no onboard system malfunctions found – investigators",2016-03-29 10:05:30
533892238,Eye in the sky: Autonomous 3D printed car comes with scout drone surveillance (VIDEO),2016-10-06 13:23:04
533892239,Russia to send aircraft carrier Admiral Kuznetsov to Mediterranean,2016-09-21 13:26:00
533892240,"Almost 28,000 workers affected by VW production problems",2016-08-22 07:07:52
533892243,13yo boy charged after fatal shooting of 14yo in Detroit,2016-06-08 18:17:10
533892241,German activist says she lied to police about sex assault perpetrators to avoid ‘racial hatred',2016-07-06 17:25:12
533892242,Dutch ex-PM calls visiting Netanyahu ‘war criminal’ amid anti-Israeli protests in The Hague,2016-09-06 22:29:24
533892244,White House denies security clearance to federal tech employee who helped report Snowden leaks,2016-02-01 21:07:23
533892251,Long live the king (or queen): The world’s longest reigns,2016-10-14 11:24:43
533892249,New Hampshire kicks off primary season,2016-02-09 10:20:57
533892250,‘Not up to president’: Turkish activists worried by Erdogan’s remarks over birth control,2016-05-31 20:08:48
533892252,NFL hoping to stage game in China in the next two years,2016-03-26 04:50:52
533892254,Fukushima decommissioning costs soar to at least $24bn,2016-10-26 02:50:00
533892247,Ex-Miss Turkey in hot water for ‘insulting Erdogan’ amid crackdown on free speech,2016-05-31 12:22:54
533892253,File hosting service Mega forced to give user data to US court,2016-05-13 15:54:42
533892255,Organizers censor Rapinoe US anthem protest,2016-09-08 12:44:09
533892259,Uber teaches drivers in Pakistan how not to sexually harass women,2016-03-05 09:40:18
533892261,Pyramid scheme: German teenager climbs ancient Giza landmark – and films the whole thing (VIDEO),2016-01-29 07:31:02
533892257,‘Scared for my life’: Berlin dentist ‘bullied’ by ‘left radicals’ for right-wing party membership,2016-05-28 14:11:49
533892260,"Farewell, tooth loss! Humans could soon regrow teeth like sharks, study says",2016-02-15 06:20:43
533892258,‘F**k Brexit rally’: Pro-remain campaigners call for mass protest at Houses of Parliament,2016-06-24 18:12:30
533892262,2 Russian ships take cruise missiles to Mediterranean for Syrian anti-terror op,2016-10-05 12:05:54
533892263,"Smart fridge browses porn in US store, shows hot action while keeping its cool",2016-10-03 08:42:59
533892267,‘Beyond good & evil’: Russian FM spokeswoman slams homophobic comments on Orlando massacre,2016-06-13 10:46:00
533892266,Snowden to sue Norwegian govt to allow him to pick up prize in Oslo,2016-04-21 12:03:00
533892268,"Russian submarines, strategic missile troops test fire 3 long-range ballistic rockets ",2016-10-12 19:28:05
533892246,From Arab Spring to 2016 truce: RT’s timeline of 5-year Syrian war,2016-03-15 14:01:44
533892270,"Pudgy Baikal seal performs amazing sax solo, perfects abstract painting (VIDEO)",2016-01-09 09:18:06
533892271,Russia may cut crude output by 14% over next 4yrs,2016-02-18 09:32:20
533892273,Turkish imam suspended after ‘pieces of cucumber’ found in his rectum,2016-06-30 16:28:05
533892277,Real or fake? Spot the April Fool’s stories (QUIZ),2016-04-01 13:24:25
533892274,Hillary Clinton begs for a dollar as Sanders rakes in $5 million,2016-02-10 21:04:13
533892269,Live results of the East Coast primary and what they mean for the general election,2016-04-26 20:02:11
533892275,British military wanted to weaponize boy scouts & football in failed battle for Libya,2016-09-15 11:33:59
533892278,"Germany, France call for joint Eurozone finance ministry",2016-02-08 10:30:13
533892341,"California methane leak highlights outdated facilities, US-wide emission risks – energy chief",2016-02-17 19:31:24
533892342,"1 dead, multiple injured in Denver motorcycle rally shooting & stabbing",2016-01-30 16:39:56
533892343,Kremlin denies Russian involvement in WADA hack,2016-09-13 15:36:44
533892345,SuperBowl 50: Cam Newton follows modern sporting template for cementing his legacy,2016-02-05 04:42:50
533892347,French schools evacuated after anonymous ‘bomb threat’ (PHOTOS),2016-09-05 09:16:00
533892348,Police arrest 4 adults for alleged sex acts with 4-year old children,2016-03-03 23:56:11
533892350,Israeli TV reporter stabbed & injured in knife-proof vest trial (VIDEO),2016-01-06 23:26:23
533892351,"Saudis reject US 9/11 act as threat to sovereignty, Russia says it damages international law",2016-09-30 06:46:00
533892352,Sitting targets? Company launches line of bulletproof furniture,2016-03-02 15:43:16
533892353,"Travel hell: Airlines, TSA trade blame in Congress",2016-05-26 19:10:05
533892354,Russia warnings to Turkey & EU on suspected terrorists ignored – Kremlin,2016-07-06 09:09:36
533892355,"‘He ran to ambulance, it exploded’: RT exposes ISIS’ evil tactics in Libya (EXCLUSIVE)",2016-09-09 04:25:00
533892356,‘Don’t trade refugees!’ EU outsourcing human rights obligations to brutal Turkish regime – NGOs,2016-03-18 14:46:13
533892357,"‘Impeachment would be worse for Tony Blair than jail,’ George Galloway tells RT (VIDEO)",2016-07-05 12:08:54
533892359,British aviator completes 3-month journey from UK to Australia in vintage biplane,2016-01-09 11:26:41
533892362,Poland's booming economy relies on workers from Ukraine & Belarus,2016-10-20 06:14:08
533892363,Threat of ‘taco truck on every corner’ backfires as internet cheers,2016-09-02 19:55:00
533892364,"Hearts & minds: Google-run project to tackle ISIS propaganda, target US far right",2016-09-08 10:08:42
533892365,"Prove your science behind counter-terrorism schemes, doctors tell government",2016-09-30 09:05:41
533892366,Pranksters tar Trump as ‘shape-shifting lizard’ in Texas road sign stunt (PHOTOS),2016-05-31 19:44:04
533892905,‘Most aggressive’ in US: Utah creates white-collar crime registry to rein in fraud,2016-03-24 15:19:53
533892907,Occupy Athens: 200 leftist activists block Greek Finance Ministry protesting economic reforms,2016-03-29 07:12:30
533892906,"‘I’ll dust him inside 1 minute’: McGregor taunts dos Anjos, targets quick win",2016-01-22 04:24:49
533892908,Disney revenues in Europe slump following terrorist attacks,2016-08-11 06:43:00
533892911,"British ambassador to Saudi Arabia converts to Islam, attends Hajj",2016-09-15 08:32:37
533892910,"Girls gone wild: Porn recruiters targeting boozy British teens in Spain, UK govt warns",2016-04-27 10:35:46
533892914,That’s not Alfredo sauce! Italy decriminalizes public masturbation,2016-09-08 11:03:00
533892915,"ISIS video appears to show children, including 1 Briton, executing Kurdish captives",2016-08-27 08:26:57
533892916,"Australia & PNG agree to close Manus Island immigration center, offer no plan for 800+ detainees",2016-08-17 09:08:50
533892917,'Day of Rage' protests against police killings planned across US,2016-07-15 17:47:52
533892918,"Walk on the wild side: Lion cub roams Russian city’s streets, poses for pics with passersby (VIDEO)",2016-09-07 12:17:18
533892920,"Miliband, Mugabe & moolah: Insults & project fear drive Brexit debate",2016-04-12 10:23:36
533892921,Flamin’ hell! Outback ‘dentist’ pulls teeth old-fashioned way,2016-01-18 07:31:33
533892923,World would be more balanced if Russia asserted national interests from outset – Putin,2016-01-10 22:00:55
533892924,President Obama to send another 250 troops to Syria,2016-04-25 01:40:00
533892928,Safety and status: Majority of London knife crime no longer linked to gangs,2016-10-14 11:14:38
533892929,‘Unconstitutional’: Florida’s top court strikes down death penalty legislation,2016-10-14 14:47:32
533892930,"1st black, Muslim & female NUS leader Malia Bouattia accused of racism",2016-04-22 11:45:13
533892931,Canada wildfires cost oil sands industry $760mn – research,2016-05-18 10:56:00
533892932,‘From another planet’: Waves of strange ‘snowballs’ found in Maine lake (VIDEO),2016-01-05 21:10:05
533892933,7 million drones by 2020? US projects explosive UAV growth,2016-03-25 18:01:26
533892934,London couple faces jail for sending £219 to nephew turned ISIS fighter in Syria,2016-10-04 12:02:09
533892935,Spacewalk cut short because of water in astronaut’s helmet,2016-01-15 13:32:00
533892936,"Pay another day: German town pulls ‘Mossad agents’ car’ out of mud, wants Israel to reimburse",2016-03-08 09:19:55
533892937,"Keiser: Deutsche Bank ‘technically insolvent’, running a ‘ponzi scheme’",2016-02-14 17:10:08
533892938,‘World’s strongest pastor’ pulls 3 fire trucks 100ft to set new Guinness record,2016-04-25 07:40:24
533892939,Poor weather takes toll on world wine production,2016-10-20 10:33:46
533892941,Weaker pound makes Britain more competitive – Murdoch,2016-06-28 10:57:00
533892942,‘Thanks Russia’: Jose Aldo reconsiders retirement decision in unexpected tweet,2016-10-22 12:28:37
533892948,ISIS bans football referees for not enforcing Sharia law,2016-09-01 09:30:29
533892945,Death threats by vegan activists force pub to remove foie gras from Valentine menu,2016-02-12 12:16:11
533892949,Russian security chief warns of Kiev’s attempts to destabilize Crimea,2016-03-21 09:35:52
533892950,Meteorites hidden under Antarctic could hold clues to solar system’s origins,2016-02-18 11:49:06
533892951,"ISIS used chemical weapons, may have more - CIA chief",2016-02-12 11:40:35
533892947,Russia submits revised claims for extending Arctic shelf to UN,2016-02-10 17:45:54
533892953,"Aide clears up what happened with Bill Clinton, the balloon and the little girl",2016-07-29 17:50:30
533892954,London cop investigated for racism after row with pro-Kurdish protester (VIDEO),2016-09-26 10:52:32
533892956,Feeding Frenzy: Epic shark dinner party in Western Australia (VIDEO),2016-05-22 12:02:54
533892955,"Our Daily Brexit: ‘UK leaving EU could spell end of Western political civilisation’, EC chief",2016-06-13 12:31:25
533892957,US implements 'scorched earth' policy towards Russia – FM spox,2016-10-13 14:44:23
533892961,Photoshopping ph-ail: Nikon retracts prize for altered image,2016-01-31 14:04:34
533892963,Slippery business: Oil giant BP terminates sponsorship of Tate art gallery,2016-03-11 11:43:32
533892966,No-fly zone in Aleppo would protect Al-Nusra – former Italian FM to RT,2016-10-09 17:56:55
533892964,"New DNC email leak reveals anti-Sanders bias, pro-Clinton collusion among top officials",2016-07-22 14:26:00
533892367,ISIS helmet death cam: Terrorist records own death in chaotic & amateurish battle with Kurds,2016-04-28 00:40:15
533892368,"Active shooter, hostage situation at Walmart in Amarillo, Texas – police",2016-06-14 13:03:00
533892369,US ‘spare Nusra for plan B’ to change regime in Syria – Lavrov,2016-09-30 14:47:19
533892370,Russian bank offers free Pokémon Go insurance,2016-07-18 05:16:01
533892371,"Minority report: FBI asks high schoolers, teachers to watch for signs of student terrorism",2016-03-07 07:34:01
533892372,"Riot police intervene as Spurs & Arsenal fans clash at White Hart Lane (PHOTOS, VIDEO)",2016-03-05 11:02:56
533892375,Sagebrush rebellion: What’s at stake in the Oregon standoff,2016-01-04 21:49:14
533892376,Leap of faith: Daredevil skydiver to jump from plane without parachute,2016-07-30 06:48:17
533892378,"‘Vagina smuggling’: Woman stopped over Florida hit-and-run, hides ID in her private parts",2016-10-03 18:53:39
533892379,"‘Position of strength’: NATO to deploy 4,000-strong ‘deterrent’ near Russia’s borders by May",2016-09-18 19:35:17
533892380,ISIS-bound mother has children taken away after plans for Syria move exposed,2016-05-05 11:36:24
533892381,Two-thirds of US shale oil rigs shut down – Total CEO,2016-02-11 10:28:56
533892382,"Ban Coca-Cola over missing Crimea on Russian map, says leftist MP",2016-02-16 05:53:15
533892384,"Alas, poor William! Shakespeare's skull missing from grave, likely stolen",2016-03-24 10:02:50
533892385,"'Now get out!’ Start Clause 50 exit process NOW, EU chiefs urge UK",2016-06-24 10:09:00
533892386,Ukraine liquidates legendary aircraft manufacturer Antonov,2016-01-27 08:45:12
533892387,Russia is ‘formidable adversary’ US has to cooperate with – CIA chief,2016-09-12 02:31:56
533892388,Juno probe starts burning engine to enter Jupiter’s orbit (WATCH LIVE),2016-07-04 23:21:00
533892392,"Labor Day violence: 13 dead, 50+ injured in wave of Chicago shootings",2016-09-06 04:05:00
533892389,"Nigel's new 'tache: The internet's reaction to Farage's facial feature, in 5 gifs (VIDEO)",2016-08-13 14:55:36
533892390,Fans with a twist: Belarus customs ask RHCP to sign… Metallica CDs,2016-07-10 09:01:11
533892391,"Iraqi refugee raped 10yo boy in Austria, says it was ‘sexual emergency’",2016-02-06 12:22:53
533892393,Don’t mention the war: Argentina considering joint Falklands oil & gas project with Britain,2016-09-08 10:49:42
533892394,French police union files complaint against Calais after RT video of general’s arrest,2016-02-07 12:33:04
533892395,"First ‘heat map’ of volatile super-Earth planet points to lava flows (PHOTO, VIDEO)",2016-03-31 13:31:10
533892397,Apple ordered to repay record €13bn to cover unpaid EU tax,2016-08-30 05:23:00
533892399,Japan ready to shoot down any incoming missiles amid N. Korea launch rumors,2016-06-21 06:45:45
533892400,"Brits blindly walking into Orwellian surveillance state, survey suggests",2016-04-20 13:16:10
533892401,"British armed forces would be stronger outside the EU, say former military chiefs",2016-05-25 10:45:22
533892404,"Magic spells found next to 2,000-yr-old Serbian skeletons in ancient Roman city (PHOTOS)",2016-08-10 08:29:16
533892405,Tech invests in Washington: Internet companies lobby big on Capitol Hill,2016-09-22 15:45:10
533892406,Duma takes another step toward criminalizing possession of child porn,2016-03-21 07:00:31
533892409,Forces of opposition commander take all three key Libyan oil ports,2016-09-11 11:42:16
533892410,Mass. cop helps homeless woman survive snowstorm,2016-02-08 11:08:23
533892413,Defense Ministry to complete works to seal off Russia’s Arctic borders by 2017,2016-07-04 07:10:00
533892412,Senators scold IRS for data insecurities as tax agency claims more than 1mn daily hack attempts,2016-04-12 22:04:28
533892414,British mosques ‘explain faith’ in #VisitMyMosque day,2016-02-07 03:35:11
533892415,Turkish Stream project ready to go after Erdogan apology,2016-06-29 09:19:07
533892416,"8 freakiest characters to appear in kid’s TV shows (PHOTOS, VIDEOS)",2016-07-29 11:29:00
533892418,"Ban hate-crime convicts from buying guns, senator says in wake of Orlando",2016-06-13 14:58:25
533892419,6 month-old baby among 12 girls discovered in Pennsylvania house of charged sex offender,2016-06-17 23:34:33
533892420,EU slated by charities for ‘half-hearted’ attempt to tackle tax dodgers,2016-04-13 09:03:59
533892421,Police surveillance powers expanded in new ‘snoopers’ charter’,2016-03-01 10:00:00
533892423,German ‘cancer healer’ probed for possibly killing patients with experimental drug,2016-08-27 07:19:12
533892425,Rollercoaster derails at Scotland's M&D theme park,2016-06-26 11:22:00
533892428,Nigel Farage resigns as UKIP leader,2016-07-04 05:12:00
533892431,Ex-MI5 chief becomes latest doom-monger to warn of Brexit risk,2016-05-11 06:59:08
533892427,Israel starts building underground wall along Gaza border to counter Hamas tunnels,2016-09-08 16:00:34
533892432,Delta flight lands at Air Force base by mistake,2016-07-09 07:29:00
533892433,Clinton Foundation files three years of missing tax forms,2016-10-05 12:15:46
533892435,Google gets $6.75mn slap on the wrist for Android monopoly in Russia,2016-08-11 10:09:00
533892437,US Air Force vet convicted in 1st court victory against homegrown ISIS supporters,2016-03-10 06:01:13
533892438,Nano-sized particles cure final-stage breast cancer in mice – breakthrough study,2016-03-15 17:11:36
533892442,"MSF reveals 3 killed, 6 wounded in airstrike on hospital in southern Syria",2016-02-09 13:50:37
533892445,Customer shoots Philadelphia eatery employee in ‘table cleaning’ dispute,2016-03-06 19:25:49
533892444,Goldman sees signs of oil market recovery,2016-03-11 10:11:54
533892449,‘Israeli extremists backed by security forces’ repeatedly storm Al-Aqsa mosque during Passover week,2016-04-28 00:10:10
533892450,Negotiate with ISIS? Labour leadership candidate Smith backtracks on plan to sit down with jihadists,2016-08-17 09:00:44
533892453,3 spectators shot during MMA event in south Russia,2016-08-15 09:28:56
533892454,"‘Let’s not be hasty’: Despite EU push, UK politicians say no need for quick Brexit (VIDEO)",2016-06-26 10:38:22
533892455,ISIS fighters captured while fleeing besieged town dressed as women (VIDEO),2016-07-24 03:55:02
533892456,‘I will eat you alive’: Philippines leader Duterte vows revenge on ISIS affiliate,2016-09-06 14:57:33
533892457,‘Safe & secure’ platform? Brexit re-vote petition signed 3.5mn times amid mass fraud probe,2016-06-26 20:12:40
533892459,Swiss town to accept bitcoin payments for govt services,2016-05-11 05:55:17
533892460,Corbyn anti-Semitism claims were ‘deliberate media misrepresentation’,2016-07-01 11:04:36
533892461,"No ‘French Gitmos’ for jihadists, PM says",2016-06-16 11:08:00
533892462,"1,000s Turkish forces surround NATO’s Incirlik air base for ‘inspection’ amid rumors of coup attempt",2016-07-30 19:35:00
533892463,"British mosques ban women from Facebook, traveling alone or wearing trousers",2016-05-06 13:00:38
533892465,World Bank gone wild: Zoo in India granted funding in a global first,2016-01-17 16:11:07
533892467,"Sea Monster: Giant squid could reach a staggering 20 meters in length, study finds",2016-05-26 08:56:02
533892466,"9 people injured, 44 arrested in Charlotte night riots - police chief",2016-09-22 11:03:00
533892468,World’s first implant-activated smart gun has arrived,2016-08-09 17:13:13
533892470,Order up: Robots may take over Carl’s Jr.,2016-03-16 23:14:52
533892471,Israeli occupation to blame for fatal Palestinian attack on cafe - Tel Aviv mayor,2016-06-09 12:25:17
533892472,"25 British Airways cabin crew taken ill mid-flight, plane diverted",2016-10-25 07:58:00
533892473,President Obama announces executive action on gun control,2016-01-05 11:43:00
533892476,Democrats discover errors in Iowa Caucus results – report,2016-02-05 23:58:12
533892477,93yo Olympic hopeful competes for spot on US table tennis team,2016-01-29 11:48:34
533892479,"Shooter dead, student & police officer injured at West Texas high school",2016-09-08 11:15:00
533892480,'Document 17': Declassified US govt memo suspects multiple Saudi links to 9/11 attacks,2016-04-21 10:50:17
533892475,‘You can’t let refugees do nothing’: Russia’s immigration tsar on EU migrant policies,2016-03-09 00:05:15
533892482,"Twitter vs ISIS: Social network suspends 125,000 accounts over terror activity",2016-02-05 23:53:30
533892483,#TurkeyPurge: Post-coup crackdown,2016-07-20 07:23:28
533892485,Alton Sterling autopsy results to be sealed – report,2016-08-02 20:07:49
533892486,"Inside the $200mn AMOS-6 satellite destroyed during SpaceX rocket explosion (VIDEO, PHOTOS)",2016-09-01 12:16:00
533892487,"Hackers, govts could exploit snoopers’ charter attacks on encryption – ICO",2016-01-12 11:39:40
533892488,Human errors & technology failures led to MSF hospital strike in Kunduz - CENTCOM,2016-04-29 11:16:00
533892489,"‘Funeral for the EU’: Le Pen slams Juncker’s speech, reiterates vow to hold Frexit referendum",2016-09-14 23:14:36
533892490,Trump kicks baby out of rally moments after telling mother he liked its crying (VIDEO),2016-08-02 16:02:27
533892492,Europe vs. Facebook: Austrian activist wins another legal battle over data protection,2016-05-26 17:07:53
533892493,Clearing out the Jungle: Migrants given until Tuesday to abandon Calais camp,2016-02-20 13:54:25
533892495,French MP wants mandatory martial arts classes in schools following terrorist attacks,2016-08-22 13:53:20
533892496,EU Commission president to urge wary EU leaders to reconfirm TTIP support,2016-05-31 09:34:54
533892498,'Panama Papers’ company set up 1000+ businesses in USA,2016-04-06 13:11:00
533892499,Dropbox hack exposed nearly 70mn users’ credentials,2016-08-31 20:35:48
533892502,SpaceX Falcon 9 comes home after successful satellite launch,2016-08-14 02:08:00
533892503,US media mogul John Malone completes $8.5bn F1 takeover,2016-09-08 08:32:00
533892504,"Gas emissions delayed the next ice age by 100,000 years – study",2016-01-14 00:18:31
533892505,"15 Euro-2016 attacks on Jewish, Muslim targets prevented – Ukraine security service",2016-06-06 05:26:00
533892506,NC sheriff's deputies decry taunting at restaurant weeks after fatal shooting of man with illness,2016-07-12 13:58:00
533892508,‘Mouthpiece for men’: German city introduces country’s first ‘men’s officer’,2016-08-04 15:53:21
533892507,Brits kicked out of France for ‘stoking tensions’ between police & Calais migrants,2016-06-23 08:46:33
533892509,"One officer shot dead, another injured during San Diego traffic stop",2016-07-29 08:33:44
533892512,"‘Fight publicly, loudly, aggressively’: NJ Gov. Christie vetoes $15 minimum wage bill",2016-08-30 22:38:09
533892513,US Air Force drone crashes over southern Afghanistan,2016-02-21 03:34:43
533892514,Lead levels 23 times higher than federal limit found in Chicago school for disabled,2016-06-13 20:26:26
533892517,Slow your roll: Tractor thief gets 8 months for 10mph police chase,2016-02-16 11:39:04
533892518,Former Yukos shareholders drop Russian assets seizure claim in Germany,2016-07-27 10:37:56
533892519,"Hazardous risks to global economy demand cross-border response, says Osborne",2016-01-22 09:58:49
533892523,"Obama honors women's equality on Equal Pay Day, but says pay equity still lacking",2016-04-12 16:53:02
533892525,German spy agency ‘illegally restricted’ supervision of its abuses – data safety commissioner,2016-09-03 18:53:54
533892526,Canada confirms ‘troubling’ Libya kidnapping of citizen captured with 2 Italians,2016-09-26 01:25:13
533892527,"Islamic extremists ‘brainwash’ prisoners at Belmarsh, ex-inmate tells RT (VIDEO)",2016-06-03 12:30:36
533892528,Kiev says litigation over debt to Russia could drag on for years,2016-06-02 11:10:14
533892529,No visa-free regime for non-compliant Turkey – German Interior Minister De Maizière,2016-05-11 02:47:52
533892530,"Over 20 killed, scores injured in Al-Nusra & Ahrar al-Sham shelling of residential Aleppo – MoD",2016-06-08 01:19:00
533892532,‘I’ll play with you in public’: Duterte challenges West to confront drugs crackdown,2016-10-13 15:49:40
533892533,"Trains collide in Algeria, multiple casualties reported (PHOTOS, VIDEO)",2016-09-24 12:08:00
533892534,3 Philadelphia prison guards arrested for alleged assault on handcuffed inmate,2016-10-26 23:59:00
533892536,Neon AK-47: How Russian young guns celebrate Halloween (PHOTOS),2016-10-26 16:40:00
533892535,Car explodes in Ukraine capital Kiev killing well-known journalist,2016-07-20 02:01:00
533892537,"At least 3 killed, dozens injured in chemical plant blast in India - media",2016-05-26 04:00:00
533892538,Largest fraud against govt: 300+ healthcare workers charged over $900mn in Medicare scams,2016-06-22 19:15:48
533892539,"Moscow summons Belgian ambassador, presents data on F-16s bombing of Syrian civilians",2016-10-21 08:34:00
533892540,16 found to be at fault for Doctors Without Borders hospital strike in Kunduz,2016-04-28 15:35:58
533892541,At least 1 tourist dead & 7 trapped in Thailand as resort hotel ‘popular with foreigners’ collapses,2016-06-04 00:36:00
533892542,Trashed: Chinese garbage man survives head-on truck collision (VIDEO),2016-01-16 09:11:43
533892548,Fury mocks cocaine allegations; Klitschko eyes Joshua bout,2016-10-02 07:02:00
533892551,"Weapons of choice: Man brings pizza, goat statue to fight with police",2016-08-19 22:30:16
533892546,"Hunger drives US teens to swap sex for food, commit crimes – research",2016-09-12 12:19:00
533892549,‘No free riders’: Pentagon slams inactivity of ‘so called’ coalition in fight against ISIS,2016-01-23 05:38:19
533892550,Russian fighter jets destroy ISIS oil facilities close to Turkish border (VIDEO),2016-06-03 01:18:54
533892552,UN: Millions could die from future pandemic unless WHO urgently reforms,2016-02-09 04:12:29
533892553,California primary is tossup between Clinton and Sanders – poll,2016-05-26 13:19:15
533892554,"Indian court convicts 5 men of gang-raping 52yo Danish tourist, 3 others investigated",2016-06-06 09:04:30
533892555,Russia to offer additional state protection to participants in counter-terrorist operations,2016-10-06 10:36:00
533892556,"Voting from the ISS: Video link for cosmonauts, email for astronauts",2016-09-18 12:56:31
533892689,Teen ‘planning to join ISIS’ arrested in Sydney for alleged terror attack preparations,2016-05-17 14:31:14
533892690,"Michigan officials played blame game over Flint water crisis, emails show",2016-01-21 14:01:47
533892691,Secretly filmed video shows charter school teacher verbally abusing 1st grader,2016-02-14 18:45:19
533892692,Iraq oil output hits record high ahead of production freeze talks,2016-04-11 05:51:04
533892693,"Tyson Foods recalls chicken nuggets due to presence of ‘hard, white plastic’",2016-09-27 19:14:57
533892694,"Bill Cosby to stand trial over sexual assault charges, court rules",2016-05-24 13:59:02
533892695,Extending Russia sanctions ‘more difficult’ as resistance in EU grows – German FM,2016-05-26 10:00:00
533892696,Russia designing 6G fighter jet – Air Force chief,2016-03-02 12:10:40
533892697,Russia’s synchronized swimming team wins country’s 13th gold in Rio,2016-08-19 12:27:00
533892700,"Hacktivist cracks ISIS Twitter accounts, posts rainbow flags & gay porn as payback for Orlando boast",2016-06-16 08:22:48
533892702,'Operation Sophia': WikiLeaks releases classified data on EU military op against refugee flows,2016-02-17 07:07:00
533892703,Posh restaurant near Kremlin ditches Visa & MasterCard to prop up Russian payment system,2016-06-15 05:28:47
533892704,Homeless ‘choose to sleep rough’ comment by Tory peer provokes outrage,2016-03-08 08:13:06
533892705,‘Why I quit the Tories… & took down their website!’ Disability activist speaks to RT (VIDEO),2016-03-18 08:42:08
533892707,Fatal police shooting of African American male in North Carolina sparks protest,2016-02-29 21:12:27
533892710,"Syria ‘won’t turn into Libya,' ready for talks without preconditions – Syrian UN envoy",2016-09-21 15:49:30
533892712,Mississippi police in uproar after councilman suggests throwing rocks at cops,2016-01-04 15:49:54
533892713,South Carolina viagra bill protests abortion ‘double standards’,2016-04-21 13:39:02
533892714,The Life of Pablo: WikiLeaks makes internet hero out of unruly former DNC employee,2016-07-23 13:45:00
533893184,Russian Central Bank criticizes monetary policy of others,2016-09-23 06:20:04
533893186,"Arizona meteor: First videos show stunning flash across night skies (VIDEOS, PHOTOS)",2016-06-02 08:27:30
533893188,"Send warships to Libya, break migrant trafficking ‘business model’ – Cameron",2016-03-18 07:34:33
533893187,Florida voters asked in poll if Ted Cruz is the Zodiac Killer - 10 percent say ‘yes’,2016-02-28 08:28:44
533893190,"Raging bull gores three at Spanish ‘slaughter’ festival (PHOTOS, VIDEO)",2016-05-26 13:56:00
533893191,1 in 10 people to be at risk of blindness by 2050 – study,2016-02-18 18:39:33
533893192,SodaStream goes pop? May close plant because Israel govt won’t renew permits for Palestinians,2016-02-19 07:54:17
533893193,Dutch journalist held in Turkey over Erdogan tweets says her Amsterdam flat was burgled,2016-04-25 16:24:53
533893195,ISIS launches chemical weapons attack on Syria’s airbase in Deir Ez-zor – report,2016-04-04 21:10:22
533893196,My name is ‘Idiot’: Ark. couple arrested for child abuse after zip-tying 4yo girl to bed,2016-08-18 13:10:23
533893197,Decade-long Gulf oil spill caused by Hurricane Ivan ‘an act of God’,2016-01-21 19:27:46
533893198,"‘Air tankers won’t stop Alberta fire’: Massive Canadian blaze spreads to 85,000 hectares",2016-05-06 00:46:17
533893200,"Dramatic runway rescue in Tokyo Airport, KoreanAir jet catches fire before takeoff (PHOTOS, VIDEOS)",2016-05-27 02:06:00
533893201,US man’s bank payment denied because of his dog’s 'terrorist' name,2016-03-26 07:02:10
533893204,"Loud fireball lights up the East Coast sky (PHOTOS, VIDEO)",2016-10-05 19:50:41
533893205,"VW goes green, cutting over 40 car models",2016-06-20 09:42:07
533893206,New Zealand cricket legend Martin Crowe dies aged 53,2016-03-03 04:58:04
533893207,Japan’s largest bank tests digital currency,2016-06-15 10:46:35
533893209,Missile City: Demolition crew discovers WWI weapons in Detroit,2016-06-16 23:49:08
533893210,"Explosion near Iranian, Indian, Pakistani consulates in Afghanistan – reports",2016-01-13 00:07:00
533893211,Cameron’s new BFF? UK faces US & Japanese ire at G7 after ‘love-bombing’ China,2016-05-23 10:59:34
533893212,Amazing hologram ‘lightning’ beamed from iPhone (VIDEO),2016-03-21 08:15:30
533893213,"Terrorists could use drones to drop explosives on UK targets, warns ex-navy chief",2016-07-28 12:11:25
533893214,Number of lead-tainted schools grows in Washington state as uncovered test results go public,2016-04-27 00:07:46
533893217,Cracks in the armor? Another F-35 fighter jet catches fire in US,2016-09-24 11:43:00
533893219,Kerry offers no Hiroshima apologies during 1st-ever visit by US state sec. to bombing memorial,2016-04-11 02:30:57
533893220,Daimler inks deal to open Mercedes-Benz plant in Moscow Region,2016-06-22 10:43:09
533893221,Judge orders ‘filthy’ Arizona immigration detention centers photos released [VIDEO],2016-06-30 23:32:08
533893222,British bacon hogged by China as pork exports sizzle… but UK consumers squeal at price hike,2016-08-26 11:19:36
533893226,Neon VR: Drones provide trippy simulation of space flight (VIDEO),2016-01-21 14:40:12
533893227,US officially bans Samsung Galaxy Note7 smartphones from air transportation,2016-10-14 16:01:00
533893228,#AllLivesDidntMatter: Twitter trend challenges opponents of Black Lives Matter,2016-07-11 18:05:51
533893229,Deadly endgame: ISIS shoot fleeing civilians as Iraqi army closes in on Fallujah,2016-06-06 18:18:08
533893232,Poroshenko’s firms under scrutiny over offshore ownership of German plant,2016-05-20 12:58:58
533893233,'I think I hit a person': Speeding US patrol officer in dashcam video (GRAPHIC),2016-02-11 02:10:06
533893234,‘This is our continent’: Britain to deploy drones & tanks to Estonia,2016-10-26 05:51:35
533893235,Trump to meet with NRA over Democrats’ gun control proposal,2016-06-15 15:31:16
533893236,‘Beyond absurd’: FBI and NYPD ‘interrogated’ man after he read online article about ISIS,2016-02-04 00:14:24
533893237,Iceland’s women leave work at 2:38pm to protest wage gap with men,2016-10-25 14:09:25
533893238,FBI investigating unidentified drones over S. Carolina nuclear site,2016-07-01 13:23:36
533893239,‘I’ll go to Africa and starve there!’ Video of Russian 4yo reproaching parents goes viral,2016-04-30 13:30:13
533893240,Tennessee teen shoots family to avoid school,2016-03-02 16:29:29
533893241,Child refugees in Calais ‘Jungle’ are ‘giving up’ on reaching Britain,2016-09-23 07:13:11
533893242,March across Red Square: RT’s 360 video of Moscow’s May Day Parade,2016-05-01 16:31:05
533893244,Clinton & Sanders go head-to-head in final Super Tuesday primary,2016-06-07 08:05:00
533893245,ISIS posts new clip of alleged priest killer threatening Hollande with more attacks on France,2016-07-29 01:59:43
533893247,"‘Huge epidemic of heroin’: Number of users in US hits 20yr high, UN reports",2016-06-23 08:20:31
533893250,Clinton is the Wall Street candidate based on donation figures - report,2016-05-10 14:13:33
533893252,"Man pulls over speeding state trooper, lets him off with a warning",2016-08-04 00:18:02
533893253,CCTV of Turkey attack: Moment Attaturk Airport bomber explodes himself after being shot (GRAPHIC),2016-06-28 21:02:26
533893256,Cuatro for Evo? Bolivians vote on fourth term for President Morales,2016-02-21 19:10:03
533893257,Astronauts’ immune systems go haywire after space trips - study,2016-03-23 12:08:03
533893258,Pentagon agency tests drone-launching pods that hide in ocean (VIDEO),2016-05-16 07:33:00
533893259,First permanent gallery of Russian & Soviet-era art to open in Britain,2016-06-20 12:46:29
533893260,Anti-Brexit protesters hit streets of UK capital London,2016-07-02 07:17:00
533893262,"Russia lifts ban on charter flights to Turkey, airlines start submitting requests",2016-08-28 11:57:22
533893264,"Data security breached 9,000 times in government departments in just 1 year",2016-09-14 06:32:40
533893267,Video released of disabled cancer patient being violently arrested by Memphis airport police,2016-08-11 17:26:00
533893266,DOJ launches probe into Alabama prison system over inmate abuse,2016-10-06 12:57:00
533893269,‘Kiev has turned to terrorism’: Putin on foiled sabotage plot in Crimea,2016-08-10 11:27:00
533893270,UAE joins chorus of Arab monarchies ready to invade Syria,2016-02-07 07:23:56
533893271,"China schedules 2nd orbital lab launch, outlines its space station plans",2016-06-26 01:04:09
533893273,"‘Russia should embrace TPP,’ steel magnate Mordashov tells RT",2016-03-24 01:51:32
533893272,Gove cites ‘Hitler worshipers’ & terrorism worries as reasons for Brexit,2016-03-06 10:48:01
533893275,Electronic ‘magic’ marker creates illuminated 3D city from mere drawings (VIDEO),2016-07-11 12:37:11
533893276,"Reports of mass shooting in Orlando night club, hostage situation, gunman  possibly 'wearing a bomb'",2016-06-12 03:02:00
533893277,Russia wants rapprochement with Europe,2016-01-13 09:09:01
533893278,Stumping for Trump: Farage draws ‘parallels’ between Brexit & GOP candidate at Mississippi rally,2016-08-24 21:08:00
533893279,Airbnb has a ‘Netflix & chill’ suite in New York City,2016-01-29 18:57:39
533893280,Flint crisis ‘a catastrophe’: Families file class-action lawsuit over poisoned water,2016-03-07 14:43:00
533893281,UK tops Europe for number of terrorist attacks in 2015,2016-07-20 12:10:04
533893282,Emailed terrorism attack threat cancels classes at several schools in German city of Braunschweig,2016-09-05 04:33:00
533893284,Running on sunshine: Palestinian students build solar car to beat Israeli fuel blockade (VIDEO),2016-09-06 15:14:40
533893286,"Putin, Modi launch phase two of the Kudankulam NPP, sign military & economic deals",2016-10-15 05:25:00
533893287,"Muslims want ‘Islamic conquest of Europe,’ Austrian cardinal says",2016-09-14 05:41:00
533893288,New Mexico planning to sue the US government over toxic Colorado mine spill,2016-01-14 23:16:17
533893289,Haters gonna hate? How Boris went against mainstream,2016-07-14 10:07:57
533893290,Batman to the rescue? Masked vigilante takes on Britain’s ‘killer clowns’ (VIDEO),2016-10-13 11:54:00
533893291,Conflict of interest? Members of UN panel on glyphosate have Monsanto ties,2016-05-18 16:09:08
533893292,"‘Foreign hackers’ accessed Arizona, Illinois election databases – FBI",2016-08-29 13:32:00
533893295,France vows to destroy Calais ‘Jungle’ as Paris authorities plan 2 more refugee camps,2016-09-02 10:06:02
533893296,Russia’s A5V heavy-lift rocket to be ‘ready for lunar missions by 2025’ – Roscosmos chief to RT,2016-04-01 23:18:46
533893298,Vatican fully recognizes Palestine state as landmark treaty enters force,2016-01-03 09:08:24
533893300,"America’s greatest threat? Clinton, Sanders debate ‘belligerent’ Russia, ‘paranoid’ N. Korea",2016-02-05 01:18:02
533893302,Soldiers filmed drinking human waste & bare-knuckle boxing in ‘hazing ritual’,2016-05-18 12:48:43
533893303,Donald Trump accused of deleting email evidence in lawsuit,2016-06-14 20:31:52
533893304,Monster black hole in tiny galaxy puzzles astronomers,2016-04-07 06:40:49
533893306,Race to the bottom: Hungarian undertakers move heaven and earth in grave-digging contest (VIDEO),2016-06-04 09:44:40
533893309,‘It’s not over’: Bernie continues with ‘Our Revolution’,2016-08-24 16:30:00
533893310,Top Russian law enforcer proposes int’l coalition to fight ‘US dictatorship’ and currency dominance,2016-02-12 10:29:50
533893312,'Shocking how many people died in Fukushima' – documentary director to RT,2016-03-11 04:55:41
533893313,‘Incarcerated Workers’ stage nationwide prison labor strike 45 years after 1971 Attica riot,2016-09-09 23:25:50
533893314,The 10 greatest sporting moments in 2015,2016-01-01 10:21:26
533893315,Ukraine resumes paying for spent nuclear fuel processing in Russia,2016-08-03 08:31:53
533893316,Rub-a-dub-dub: Giant panda takes bubble bath in tiny tub (VIDEO),2016-03-25 15:45:58
533893317,"Pokémon GOes to top of charts, becomes biggest game in US history",2016-07-14 10:43:02
533893318,"Most Russians don’t support closer ties with Turkey, poll shows",2016-07-15 06:26:53
533893319,RT HAS TV AUDIENCE OF 70 MILLION WEEKLY VIEWERS IN 38 COUNTRIES – IPSOS ,2016-03-10 07:25:54
533893320,Paul Ryan: FBI acting like ‘arm of Clinton campaign’,2016-09-07 00:17:00
533893727,EU targets IKEA with €1bn tax avoidance probe,2016-09-15 10:59:31
533893729,Big news for little friends: Congress seeks to limit animal testing,2016-06-08 22:07:52
533893730,Beer... the Brexiteers' secret weapon,2016-06-02 12:16:56
533893731,"How much are you worth, Dave? Panama Leaks hint at vast personal wealth for Cameron",2016-04-06 09:03:33
533893732,Ancient burial ground? Mars Rover’s bizarre photo excites alien enthusiasts,2016-02-17 14:03:13
533893733,"Mars race to heat up with highly-anticipated SpaceX plan (PHOTOS, VIDEOS)",2016-09-24 11:16:43
533893734,Russia will not use military force in reply to Kiev’s attempted terrorism in Crimea – report,2016-08-15 07:18:00
533893735,Communists push for free medication for pensioners,2016-06-24 06:31:27
533893737,Iran to US: Keep your promise to let us back into global banking system,2016-04-16 15:40:25
533893738,"Russian Olympic Committee lambasts McLaren report, says full investigation needed",2016-07-19 04:12:47
533893740,Almost half Americans think vaping is dangerous – poll,2016-05-24 10:38:34
533893741,"Russia & UNESCO push for 'generation without racial, ethnic, religious prejudice'",2016-07-09 07:33:28
533893742,Deutsche Bank reportedly to slash US business,2016-10-17 06:31:20
533893743,US spy agency apologizes for tweet about ‘classy’ Chinese welcome,2016-09-05 12:20:49
533893744,Second Freddie Gray trial on hold over officer testimony,2016-01-11 13:49:16
533893745,‘This is the world we live in’: Reactions to Orlando mass shooting that killed 50,2016-06-12 13:21:19
533892715,Chicago police review board has no record of 6 officer-involved shootings,2016-08-03 00:11:49
533892716,New dinosaur species discovered is the product of bad luck,2016-07-13 23:54:26
533892717,One NATO battalion would help deter Russia until allies gather forces – Polish Def Min,2016-06-01 14:59:37
533892719,Pilot killed as plane crashes at airshow in northwestern China (VIDEO),2016-08-27 02:01:27
533892720,One-armed man hit in-law with samurai sword over pot dispute,2016-06-17 17:32:26
533892722,Brussels accuses Washington of undermining WTO,2016-05-31 08:00:04
533892723,"Hundreds flee southeast Turkey warzone as 23 killed, curfew expanded in Kurdish Diyarbakir",2016-01-27 23:31:12
533892726,Japanese unveil electric car that doesn’t need battery,2016-03-18 10:01:01
533892724,"Churches burnt, cemeteries desecrated: RT visits liberated Christian city of Al-Qaryatayn, Syria",2016-04-05 05:09:34
533892731,"‘Capitalists, communists, socialists… just decide what works’ – Obama",2016-03-25 22:36:23
533892732,Hedge funds betting on Russian ruble,2016-04-11 08:32:00
533892733,Filmed from within: Terrifying video shows moments tornado rips through house,2016-04-04 19:52:45
533892734,Syrian Kurdistan mission opens in Moscow,2016-02-10 14:48:00
533892735,Madonna offers oral sex to Clinton voters,2016-10-19 16:14:57
533892736,‘Boxing gym & street to be named after Muhammed Ali in Grozny’ – Chechen leader Ramzan Kadyrov,2016-06-04 15:33:14
