media_id,url,name
290867,http://americannewsx.com/,americannewsx.com
70745,http://21stcenturywire.com/#spider,21stcenturywire.com
50475,http://70news.ru/#spider,70news.ru
68598,http://www.570news.com/#spider,570news.com
318409,http://70news.wordpress.com/,70news.wordpress.com
301260,http://abcnews.com.co/,abcnews.com.co
18468,http://www.activistpost.com,activistpost.com
33761,http://activistpost.net#spider,activistpost.net
22018,http://www.addictinginfo.org,addictinginfo.org
296251,http://iyon.addictinginfoent.netdna-cdn.com/,iyon.addictinginfoent.netdna-cdn.com
367500,http://reverbpress.addictinginfoent.netdna-cdn.com/,reverbpress.addictinginfoent.netdna-cdn.com
371835,http://addictinginfo.addictinginfoent.netdna-cdn.com/,addictinginfo.addictinginfoent.netdna-cdn.com
495406,http://addictinginfo.com/,addictinginfo.com
559366,http://addictinginfo.linkis.com/,addictinginfo.linkis.com
562931,http://addictinginfo.com.ln.is/,addictinginfo.com.ln.is
39161,http://www.lebanonews.net/,lebanonews
48255,http://www.nanonewsnet.ru/#spider,nanonewsnet.ru
136192,http://arianonews24.it/,arianonews24.it
264355,http://lebanonews.net/,lebanonews.net
269799,http://elvenezolanonews.com/,elvenezolanonews.com
291301,http://nanonews.org/,nanonews.org
297200,http://progresohispanonews.com/,progresohispanonews.com
303163,http://anonews.co/,anonews.co
308486,http://americanonews.com/,americanonews.com
355501,http://panoramahispanonews.com/,panoramahispanonews.com
370720,http://elhispanonewspaper.com/,elhispanonewspaper.com
684521,http://legnanonews.com/,legnanonews.com
684622,http://ilmeridianonews.it/,ilmeridianonews.it
29363,http://beforeitsnews.com#spider,beforeitsnews.com
93442,http://members.beforeitsnews.com/#spider,members.beforeitsnews.com
290198,http://united-states.beforeitsnews.com/,united-states.beforeitsnews.com
307610,http://on-immigration.beforeitsnews.com/,on-immigration.beforeitsnews.com
307744,http://power-plants.beforeitsnews.com/,power-plants.beforeitsnews.com
308140,http://immigrants-video.beforeitsnews.com/,immigrants-video.beforeitsnews.com
308849,http://by-farmers.beforeitsnews.com/,by-farmers.beforeitsnews.com
309648,http://immigration-hypocrisy.beforeitsnews.com/,immigration-hypocrisy.beforeitsnews.com
309853,http://czech-president.beforeitsnews.com/,czech-president.beforeitsnews.com
310087,http://com-2.beforeitsnews.com/,com-2.beforeitsnews.com
310212,http://u-s.beforeitsnews.com/,u-s.beforeitsnews.com
310955,http://oyep-ap.beforeitsnews.com/,oyep-ap.beforeitsnews.com
310982,http://for-investigation.beforeitsnews.com/,for-investigation.beforeitsnews.com
312040,http://dont-know.beforeitsnews.com/,dont-know.beforeitsnews.com
312932,http://puerto-ricans.beforeitsnews.com/,puerto-ricans.beforeitsnews.com
313128,http://migrants-enter.beforeitsnews.com/,migrants-enter.beforeitsnews.com
313448,http://abuses-migrants.beforeitsnews.com/,abuses-migrants.beforeitsnews.com
313452,http://migrant-crisis.beforeitsnews.com/,migrant-crisis.beforeitsnews.com
313536,http://3-times.beforeitsnews.com/,3-times.beforeitsnews.com
313722,http://10-15.beforeitsnews.com/,10-15.beforeitsnews.com
313869,http://for-profit.beforeitsnews.com/,for-profit.beforeitsnews.com
314344,http://allahu-akbar.beforeitsnews.com/,allahu-akbar.beforeitsnews.com
314505,http://western-europe.beforeitsnews.com/,western-europe.beforeitsnews.com
314812,http://refugee-population.beforeitsnews.com/,refugee-population.beforeitsnews.com
315155,http://record-rate.beforeitsnews.com/,record-rate.beforeitsnews.com
315220,http://video-oyep.beforeitsnews.com/,video-oyep.beforeitsnews.com
315658,http://taxpayers-dime.beforeitsnews.com/,taxpayers-dime.beforeitsnews.com
316192,http://alarming-message.beforeitsnews.com/,alarming-message.beforeitsnews.com
316917,http://order-video.beforeitsnews.com/,order-video.beforeitsnews.com
317048,http://muslim-hired.beforeitsnews.com/,muslim-hired.beforeitsnews.com
317320,http://muslim-migrants.beforeitsnews.com/,muslim-migrants.beforeitsnews.com
317527,http://color-revolutions.beforeitsnews.com/,color-revolutions.beforeitsnews.com
318320,http://and-why.beforeitsnews.com/,and-why.beforeitsnews.com
318344,http://immigration-services.beforeitsnews.com/,immigration-services.beforeitsnews.com
318493,http://citizenship-tests.beforeitsnews.com/,citizenship-tests.beforeitsnews.com
318686,http://what-video.beforeitsnews.com/,what-video.beforeitsnews.com
318929,http://immigration-action.beforeitsnews.com/,immigration-action.beforeitsnews.com
319100,http://on-refugees.beforeitsnews.com/,on-refugees.beforeitsnews.com
319240,http://and-america.beforeitsnews.com/,and-america.beforeitsnews.com
319549,http://immigrantsmvideo-picture.beforeitsnews.com/,immigrantsmvideo-picture.beforeitsnews.com
319606,http://years-of.beforeitsnews.com/,years-of.beforeitsnews.com
320179,http://tactics-video.beforeitsnews.com/,tactics-video.beforeitsnews.com
320253,http://from-disease.beforeitsnews.com/,from-disease.beforeitsnews.com
320296,http://bigots-picture.beforeitsnews.com/,bigots-picture.beforeitsnews.com
320954,http://us-annually.beforeitsnews.com/,us-annually.beforeitsnews.com
321144,http://in-us.beforeitsnews.com/,in-us.beforeitsnews.com
322022,http://video-nsfwvo.beforeitsnews.com/,video-nsfwvo.beforeitsnews.com
322436,http://secret-pact.beforeitsnews.com/,secret-pact.beforeitsnews.com
324712,http://trump-video.beforeitsnews.com/,trump-video.beforeitsnews.com
325196,http://emails-reveal.beforeitsnews.com/,emails-reveal.beforeitsnews.com
325243,http://you-on.beforeitsnews.com/,you-on.beforeitsnews.com
325396,http://silence-him.beforeitsnews.com/,silence-him.beforeitsnews.com
325563,http://up-dead.beforeitsnews.com/,up-dead.beforeitsnews.com
325815,http://est-video.beforeitsnews.com/,est-video.beforeitsnews.com
326191,http://donald-trump.beforeitsnews.com/,donald-trump.beforeitsnews.com
326246,http://trumps-rise.beforeitsnews.com/,trumps-rise.beforeitsnews.com
326542,http://be-captivated.beforeitsnews.com/,be-captivated.beforeitsnews.com
326650,http://scandal-exposed.beforeitsnews.com/,scandal-exposed.beforeitsnews.com
326884,http://deal-video.beforeitsnews.com/,deal-video.beforeitsnews.com
327259,http://buddy-obama.beforeitsnews.com/,buddy-obama.beforeitsnews.com
327391,http://about-trump.beforeitsnews.com/,about-trump.beforeitsnews.com
327426,http://time-video.beforeitsnews.com/,time-video.beforeitsnews.com
327460,http://has-aids.beforeitsnews.com/,has-aids.beforeitsnews.com
327707,http://amaze-you.beforeitsnews.com/,amaze-you.beforeitsnews.com
328577,http://obama-regime.beforeitsnews.com/,obama-regime.beforeitsnews.com
328702,http://vs-satan.beforeitsnews.com/,vs-satan.beforeitsnews.com
328908,http://arrest-jihadists.beforeitsnews.com/,arrest-jihadists.beforeitsnews.com
329468,http://experiment-picture.beforeitsnews.com/,experiment-picture.beforeitsnews.com
329873,http://see-it.beforeitsnews.com/,see-it.beforeitsnews.com
330462,http://with-money.beforeitsnews.com/,with-money.beforeitsnews.com
330479,http://dwarfs-wikileaks.beforeitsnews.com/,dwarfs-wikileaks.beforeitsnews.com
330540,http://with-cruz.beforeitsnews.com/,with-cruz.beforeitsnews.com
331451,http://helm-inquiry.beforeitsnews.com/,helm-inquiry.beforeitsnews.com
331648,http://in-2016.beforeitsnews.com/,in-2016.beforeitsnews.com
332305,http://next-president.beforeitsnews.com/,next-president.beforeitsnews.com
332956,http://abedin-indicted.beforeitsnews.com/,abedin-indicted.beforeitsnews.com
333414,http://trumps-goal.beforeitsnews.com/,trumps-goal.beforeitsnews.com
333460,http://horrified-video.beforeitsnews.com/,horrified-video.beforeitsnews.com
333611,http://clinton-emails.beforeitsnews.com/,clinton-emails.beforeitsnews.com
333643,http://his-iq.beforeitsnews.com/,his-iq.beforeitsnews.com
334424,http://jim-bakker.beforeitsnews.com/,jim-bakker.beforeitsnews.com
335268,http://corruption-reigns.beforeitsnews.com/,corruption-reigns.beforeitsnews.com
335328,http://karen-hudes.beforeitsnews.com/,karen-hudes.beforeitsnews.com
335584,http://trump-campaigners.beforeitsnews.com/,trump-campaigners.beforeitsnews.com
336173,http://suppress-votes.beforeitsnews.com/,suppress-votes.beforeitsnews.com
336417,http://intel-leaks.beforeitsnews.com/,intel-leaks.beforeitsnews.com
336458,http://worth-reading.beforeitsnews.com/,worth-reading.beforeitsnews.com
336949,http://ambassador-stevens.beforeitsnews.com/,ambassador-stevens.beforeitsnews.com
337152,http://hillary-criminal.beforeitsnews.com/,hillary-criminal.beforeitsnews.com
337268,http://haiti-project.beforeitsnews.com/,haiti-project.beforeitsnews.com
337309,http://and-lynch.beforeitsnews.com/,and-lynch.beforeitsnews.com
337384,http://they-discuss.beforeitsnews.com/,they-discuss.beforeitsnews.com
337526,http://revelations-video.beforeitsnews.com/,revelations-video.beforeitsnews.com
339068,http://political-correctness.beforeitsnews.com/,political-correctness.beforeitsnews.com
339180,http://secrets-revealed.beforeitsnews.com/,secrets-revealed.beforeitsnews.com
339402,http://the-revelation.beforeitsnews.com/,the-revelation.beforeitsnews.com
339476,http://at-birth.beforeitsnews.com/,at-birth.beforeitsnews.com
339775,http://after-elections.beforeitsnews.com/,after-elections.beforeitsnews.com
339835,http://hurt-him.beforeitsnews.com/,hurt-him.beforeitsnews.com
340164,http://phenomenal-athlete.beforeitsnews.com/,phenomenal-athlete.beforeitsnews.com
340194,http://some-love.beforeitsnews.com/,some-love.beforeitsnews.com
341223,http://in-error.beforeitsnews.com/,in-error.beforeitsnews.com
341848,http://dave-hodges.beforeitsnews.com/,dave-hodges.beforeitsnews.com
341928,http://their-virgins.beforeitsnews.com/,their-virgins.beforeitsnews.com
342020,http://blocking-traffic.beforeitsnews.com/,blocking-traffic.beforeitsnews.com
342122,http://shock-video.beforeitsnews.com/,shock-video.beforeitsnews.com
342202,http://intel-report.beforeitsnews.com/,intel-report.beforeitsnews.com
342800,http://to-dictator.beforeitsnews.com/,to-dictator.beforeitsnews.com
342894,http://not-enough.beforeitsnews.com/,not-enough.beforeitsnews.com
342961,http://bush-video.beforeitsnews.com/,bush-video.beforeitsnews.com
343197,http://huge-way.beforeitsnews.com/,huge-way.beforeitsnews.com
343312,http://dc-machine.beforeitsnews.com/,dc-machine.beforeitsnews.com
343501,http://presidential-ambitions.beforeitsnews.com/,presidential-ambitions.beforeitsnews.com
343523,http://goes-rogue.beforeitsnews.com/,goes-rogue.beforeitsnews.com
343563,http://their-lies.beforeitsnews.com/,their-lies.beforeitsnews.com
343746,http://ia-exposed.beforeitsnews.com/,ia-exposed.beforeitsnews.com
343829,http://is-complete.beforeitsnews.com/,is-complete.beforeitsnews.com
344465,http://him-video.beforeitsnews.com/,him-video.beforeitsnews.com
344665,http://bill-bennett.beforeitsnews.com/,bill-bennett.beforeitsnews.com
344819,http://white-house.beforeitsnews.com/,white-house.beforeitsnews.com
344881,http://nsfwv-listening.beforeitsnews.com/,nsfwv-listening.beforeitsnews.com
345164,http://turning-heads.beforeitsnews.com/,turning-heads.beforeitsnews.com
345393,http://brotherhood-letter.beforeitsnews.com/,brotherhood-letter.beforeitsnews.com
345662,http://to-tell.beforeitsnews.com/,to-tell.beforeitsnews.com
345683,http://street-plan.beforeitsnews.com/,street-plan.beforeitsnews.com
345873,http://us-government.beforeitsnews.com/,us-government.beforeitsnews.com
345919,http://the-bible.beforeitsnews.com/,the-bible.beforeitsnews.com
346368,http://defeat-video.beforeitsnews.com/,defeat-video.beforeitsnews.com
346840,http://is-clueless.beforeitsnews.com/,is-clueless.beforeitsnews.com
347062,http://cruz-10.beforeitsnews.com/,cruz-10.beforeitsnews.com
347535,http://family-operations.beforeitsnews.com/,family-operations.beforeitsnews.com
347760,http://know-it.beforeitsnews.com/,know-it.beforeitsnews.com
347810,http://to-reality.beforeitsnews.com/,to-reality.beforeitsnews.com
347867,http://5-mistresses.beforeitsnews.com/,5-mistresses.beforeitsnews.com
347879,http://moderator-video.beforeitsnews.com/,moderator-video.beforeitsnews.com
348051,http://presidential-campaign.beforeitsnews.com/,presidential-campaign.beforeitsnews.com
348121,http://the-nominee.beforeitsnews.com/,the-nominee.beforeitsnews.com
348137,http://a-lot.beforeitsnews.com/,a-lot.beforeitsnews.com
348221,http://obamas-defeat.beforeitsnews.com/,obamas-defeat.beforeitsnews.com
348488,http://it-equipment.beforeitsnews.com/,it-equipment.beforeitsnews.com
348924,http://protest-video.beforeitsnews.com/,protest-video.beforeitsnews.com
348950,http://full-speechvideo.beforeitsnews.com/,full-speechvideo.beforeitsnews.com
349058,http://communist-america.beforeitsnews.com/,communist-america.beforeitsnews.com
349140,http://hillary-clinton.beforeitsnews.com/,hillary-clinton.beforeitsnews.com
349250,http://drop-soon.beforeitsnews.com/,drop-soon.beforeitsnews.com
349295,http://bill-clinton.beforeitsnews.com/,bill-clinton.beforeitsnews.com
349637,http://care-of.beforeitsnews.com/,care-of.beforeitsnews.com
349660,http://past-life.beforeitsnews.com/,past-life.beforeitsnews.com
350146,http://illusion-video.beforeitsnews.com/,illusion-video.beforeitsnews.com
350387,http://35-videos.beforeitsnews.com/,35-videos.beforeitsnews.com
350665,http://hubbell-2.beforeitsnews.com/,hubbell-2.beforeitsnews.com
350741,http://aide-gone.beforeitsnews.com/,aide-gone.beforeitsnews.com
350816,http://fbi-investigations.beforeitsnews.com/,fbi-investigations.beforeitsnews.com
350922,http://and-trump.beforeitsnews.com/,and-trump.beforeitsnews.com
351059,http://america-audio.beforeitsnews.com/,america-audio.beforeitsnews.com
351064,http://s-presidency.beforeitsnews.com/,s-presidency.beforeitsnews.com
351191,http://american-city.beforeitsnews.com/,american-city.beforeitsnews.com
351678,http://america-video.beforeitsnews.com/,america-video.beforeitsnews.com
351885,http://doj-videos.beforeitsnews.com/,doj-videos.beforeitsnews.com
351892,http://media-wont.beforeitsnews.com/,media-wont.beforeitsnews.com
352048,http://pds-11.beforeitsnews.com/,pds-11.beforeitsnews.com
352062,http://list-video.beforeitsnews.com/,list-video.beforeitsnews.com
352144,http://obamas-plans.beforeitsnews.com/,obamas-plans.beforeitsnews.com
352191,http://shock-you.beforeitsnews.com/,shock-you.beforeitsnews.com
352208,http://media-silent.beforeitsnews.com/,media-silent.beforeitsnews.com
352455,http://with-bible.beforeitsnews.com/,with-bible.beforeitsnews.com
352596,http://unbelievable-corruption.beforeitsnews.com/,unbelievable-corruption.beforeitsnews.com
352733,http://un-official.beforeitsnews.com/,un-official.beforeitsnews.com
352775,http://racial-tensions.beforeitsnews.com/,racial-tensions.beforeitsnews.com
353140,http://a-revolution.beforeitsnews.com/,a-revolution.beforeitsnews.com
353261,http://view-video.beforeitsnews.com/,view-video.beforeitsnews.com
353329,http://controlling-clinton.beforeitsnews.com/,controlling-clinton.beforeitsnews.com
353408,http://money-laundering.beforeitsnews.com/,money-laundering.beforeitsnews.com
353445,http://fresh-air.beforeitsnews.com/,fresh-air.beforeitsnews.com
353617,http://hillarys-coffin.beforeitsnews.com/,hillarys-coffin.beforeitsnews.com
353778,http://movement-video.beforeitsnews.com/,movement-video.beforeitsnews.com
353790,http://coat-video.beforeitsnews.com/,coat-video.beforeitsnews.com
354137,http://8-billion.beforeitsnews.com/,8-billion.beforeitsnews.com
354282,http://leaving-office.beforeitsnews.com/,leaving-office.beforeitsnews.com
354410,http://ever-since.beforeitsnews.com/,ever-since.beforeitsnews.com
354641,http://military-brass.beforeitsnews.com/,military-brass.beforeitsnews.com
354649,http://alien-eggs.beforeitsnews.com/,alien-eggs.beforeitsnews.com
354816,http://will-die.beforeitsnews.com/,will-die.beforeitsnews.com
355350,http://into-america.beforeitsnews.com/,into-america.beforeitsnews.com
355410,http://saudi-arabia.beforeitsnews.com/,saudi-arabia.beforeitsnews.com
355459,http://civilization-conference.beforeitsnews.com/,civilization-conference.beforeitsnews.com
355482,http://barak-obama.beforeitsnews.com/,barak-obama.beforeitsnews.com
355568,http://from-americans.beforeitsnews.com/,from-americans.beforeitsnews.com
355773,http://s-businesses.beforeitsnews.com/,s-businesses.beforeitsnews.com
355821,http://30000-guillotines.beforeitsnews.com/,30000-guillotines.beforeitsnews.com
355891,http://lynch-prosecuted.beforeitsnews.com/,lynch-prosecuted.beforeitsnews.com
355939,http://trojan-horse.beforeitsnews.com/,trojan-horse.beforeitsnews.com
356109,http://to-muslims.beforeitsnews.com/,to-muslims.beforeitsnews.com
356237,http://utterly-flawed.beforeitsnews.com/,utterly-flawed.beforeitsnews.com
356259,http://attack-us.beforeitsnews.com/,attack-us.beforeitsnews.com
356307,http://presidential-race.beforeitsnews.com/,presidential-race.beforeitsnews.com
356610,http://criminal-elite.beforeitsnews.com/,criminal-elite.beforeitsnews.com
356634,http://violence-video.beforeitsnews.com/,violence-video.beforeitsnews.com
357361,http://black-magic.beforeitsnews.com/,black-magic.beforeitsnews.com
357568,http://her-campaign.beforeitsnews.com/,her-campaign.beforeitsnews.com
357937,http://clinton-video.beforeitsnews.com/,clinton-video.beforeitsnews.com
358021,http://fun-secrets.beforeitsnews.com/,fun-secrets.beforeitsnews.com
358129,http://for-trump.beforeitsnews.com/,for-trump.beforeitsnews.com
358145,http://cocaine-empire.beforeitsnews.com/,cocaine-empire.beforeitsnews.com
358465,http://prophecy-video.beforeitsnews.com/,prophecy-video.beforeitsnews.com
359272,http://her-career.beforeitsnews.com/,her-career.beforeitsnews.com
359281,http://genocide-syria.beforeitsnews.com/,genocide-syria.beforeitsnews.com
359593,http://clinton-needed.beforeitsnews.com/,clinton-needed.beforeitsnews.com
359670,http://20-years.beforeitsnews.com/,20-years.beforeitsnews.com
359834,http://all-christians.beforeitsnews.com/,all-christians.beforeitsnews.com
359852,http://gunned-down.beforeitsnews.com/,gunned-down.beforeitsnews.com
359897,http://the-same.beforeitsnews.com/,the-same.beforeitsnews.com
360003,http://all-costs.beforeitsnews.com/,all-costs.beforeitsnews.com
360058,http://climate-change.beforeitsnews.com/,climate-change.beforeitsnews.com
360401,http://its-released.beforeitsnews.com/,its-released.beforeitsnews.com
360486,http://goldman-sachs.beforeitsnews.com/,goldman-sachs.beforeitsnews.com
360656,http://a-raprist.beforeitsnews.com/,a-raprist.beforeitsnews.com
361803,http://in-dhs.beforeitsnews.com/,in-dhs.beforeitsnews.com
362387,http://ad-video.beforeitsnews.com/,ad-video.beforeitsnews.com
367010,http://fiorina-8.beforeitsnews.com/,fiorina-8.beforeitsnews.com
372059,http://comics.beforeitsnews.com/,comics.beforeitsnews.com
373328,http://of-war.beforeitsnews.com/,of-war.beforeitsnews.com
387614,http://the-president.beforeitsnews.com/,the-president.beforeitsnews.com
415642,http://syria-personally.beforeitsnews.com/,syria-personally.beforeitsnews.com
415663,http://million-girls.beforeitsnews.com/,million-girls.beforeitsnews.com
178953,http://bigamericannews.com/,bigamericannews.com
279026,http://bipartisanreport.com/,bipartisanreport.com
552707,http://bipartisanreport.com.linkis.com/,bipartisanreport.com.linkis.com
557415,http://bipartisanreport.com.ln.is/,bipartisanreport.com.ln.is
560595,http://bipartisanreport.linkis.com/,bipartisanreport.linkis.com
708440,http://bipartisanreports.com/,bipartisanreports.com
112378,http://bluenationreview.com/,bluenationreview.com
19334,http://www.breitbart.com,Breitbart
91493,http://www.breitbartunmasked.com/#spider,breitbartunmasked.com
91563,http://www.hatingbreitbart.com/#spider,hatingbreitbart.com
121492,http://cms.breitbart.com/,cms.breitbart.com
127203,http://breitbart.tv/,breitbart.tv
147387,http://admin.bigjournalism.breitbart.com/,admin.bigjournalism.breitbart.com
171368,http://search.breitbart.com/,search.breitbart.com
200716,http://breitbart.com./,breitbart.com.
207950,http://breitbart.com.feedsportal.com/,breitbart.com.feedsportal.com
230618,http://.%20www.breitbart.com/,.%20www.breitbart.com
278891,"http://today,%20it%20got%20even%20worse,%20because%20breitbart%20released%20the%20voicemails%20that%20cruz's%20camp%20was%20leaving%20at%20caucus%20precincts./","today,%20it%20got%20even%20worse,%20because%20breitbart%20released%20the%20voicemails%20that%20cruz's%20camp%20was%20leaving"
279118,"http://today,%20it%20got%20even%20worse,%20because%20breitbart%20released%20the%20voicemails%20that%20cruz's%20camp%20was%20leaving%20at%20caucus%20precincts/","today,%20it%20got%20even%20worse,%20because%20breitbart%20released%20the%20voicemails%20that%20cruz's%20camp%20was%20leaving 1"
314073,http://breitbart.linkis.com/,breitbart.linkis.com
316177,http://breitbart.stfi.re/,breitbart.stfi.re
316889,http://breitbart.com.linkis.com/,breitbart.com.linkis.com
340981,http://breitbartt.co/,breitbartt.co
344125,http://wwwbreitbart.com/,wwwbreitbart.com
361928,http://ww12.breitbart.co/,ww12.breitbart.co
372730,http://bebreitbart.blogspot.com/,bebreitbart.blogspot.com
386419,http://store.breitbart.com/,store.breitbart.com
560332,http://breitbart.com.z1xc.clonezone.link/,breitbart.com.z1xc.clonezone.link
560532,http://breitbart.com.canw.clonezone.link/,breitbart.com.canw.clonezone.link
562665,http://breitbart.com.03el.clonezone.link/,breitbart.com.03el.clonezone.link
562825,http://breitbart.com.ur5z.clonezone.link/,breitbart.com.ur5z.clonezone.link
563366,http://breitbart.com.feyo.clonezone.link/,breitbart.com.feyo.clonezone.link
564193,http://breitbart.com.ln.is/,breitbart.com.ln.is
658594,http://www.breitbart.com/breitbart-london,Breitbart - United Kingdom
658595,http://www.breitbart.com/texas/,Breitbart - United States - Texas
697784,http://breitbart.com.3p9p.clonezone.link/,breitbart.com.3p9p.clonezone.link
698318,http://breitbart.com.convey.pro/,breitbart.com.convey.pro
698873,http://breitbart.com.le6b.clonezone.link/,breitbart.com.le6b.clonezone.link
699929,http://breitbart.com.ridder.co/,breitbart.com.ridder.co
701446,http://breitbart.slack.com/,breitbart.slack.com
705601,http://breitbart.com.pe7j.clonezone.link/,breitbart.com.pe7j.clonezone.link
707277,http://breitbart.com.cmun.it/,breitbart.com.cmun.it
756358,http://www-breitbart-com.cdn.ampproject.org/,www-breitbart-com.cdn.ampproject.org
305541,http://burrardstreetjournal.com/,burrardstreetjournal.com
223744,http://callthecops.net/,callthecops.net
41592,http://christiantimes.org.hk/Common/Reader/Version/Show.jsp?Pid=1&Version=0&Charset=big5_hkscs,christiantimes
168904,http://christiantimes.com/,christiantimes.com
278993,http://christiantimesnewspaper.com/,christiantimesnewspaper.com
180082,http://christwire.org/,christwire.org
10,http://www.chron.com/,houstonchronicle
14,http://www.sfgate.com/,sfchronicle
69,http://www.democratandchronicle.com/apps/pbcs.dll/frontpage,Democrat and Chronicle
1164,http://www.dentonrc.com/,denton record-chronicle
1165,http://elliscountychronicle.com/,ellis county chronicle
1233,http://www.cowtownchronicles.com/,cowtown chronicles
1288,http://www.archcitychronicle.com/,arch city chronicle
1520,http://peoriachronicle.com, the peoria chronicle
1758,http://postchronicle.com,"The Post Chronicle - News, Information, Insight"
4315,http://rev-agafangelos.livejournal.com/,THE TIKSI'S HERMIT CHRONICLES
4607,http://chroniclesofbandd.blogspot.com/,Chronicles of B & D
4927,http://chroniclesofmerfiz.blogspot.com/,The Chronicles Of Merfiz & The Memoires of MvH
5010,http://dili-chronicles.blogspot.com/,Dili Chronicles
5078,http://crankychronicles.blogspot.com/,CRANKY CHRONICLES
6395,http://chicagoraysrants.com,Chicagoan's Conservative Chronicles |
8007,http://el-gato.livejournal.com,Extract From the Chronicles of Fevered Imagination by El Gato
8168,http://dargot.livejournal.com,Dargot&#39;s Chronicle
9436,http://lacrimator.livejournal.com,Lacrimator: Chronicles
10465,http://ermiak.livejournal.com,ErmiAk&#39;s chronicles
14558,http://piggymouse.livejournal.com,In Angst und bürgerlichem Leben (The Swampton Chronicles)
14893,http://vovinsky.livejournal.com,Recursive Chronicles v2.0
14991,http://k-1974.livejournal.com,Chronicle-DK
15743,http://grivo.livejournal.com,alien chronicles
19467,http://www.austinchronicle.com,austinchronicle.com
19802,http://chronicle.com,chronicle.com
22547,http://chronicle.augusta.com,chronicle.augusta.com
24865,http://www.chroniclesmagazine.org,chroniclesmagazine.org
26270,http://www.seminolechronicle.com,seminolechronicle.com
26555,http://m.democratandchronicle.com,m.democratandchronicle.com
27672,http://www.newscorpse.com/ncWP/,News Corpse » The Internet's Chronicle of Media Decay:
27675,http://www.njudahchronicles.com/,The N-Judah Chronicles
27885,http://thevalleychronicle.com/,The Valley Chronicle
28097,http://www.cychron.com/,Cypress Chronicle - Cypress College
30813,http://pacechronicle.com#spider,pacechronicle.com
31278,http://coyotechronicle.net#spider,coyotechronicle.net
31839,http://www.oneworldchronicle.com#spider,oneworldchronicle.com
39642,http://www.meathchronicle.ie/,meathchronicle
41012,http://palestinechronicle.com/,palestinechronicle
41585,http://www.chronicle.co.zw/,chronicle
41997,http://www.guyanachronicle.com/,guyanachronicle
56818,http://nairobichronicle.wordpress.com/,nairobichronicle.wordpress.com
57104,http://seniorsworldchronicle.com/,seniorsworldchronicle.com
57155,http://americanchronicle.com/,americanchronicle.com
58519,http://centralchronicle.com/,centralchronicle.com
59905,http://egyptianchronicles.blogspot.com/,egyptianchronicles.blogspot.com
60542,http://couscouschronicles.blogspot.com/,couscouschronicles.blogspot.com
62684,http://the-chronicles-of-e.blogspot.com/,the-chronicles-of-e.blogspot.com
64985,http://timbuktuchronicles.blogspot.com/,timbuktuchronicles.blogspot.com
65855,http://thelebanonchronicle.blogspot.com/,thelebanonchronicle.blogspot.com
66131,http://zambianchronicle.com/,zambianchronicle.com
67995,http://www.chronicle.su/#spider,chronicle.su
72275,http://www.dubaichronicle.com/#spider,dubaichronicle.com
72391,http://baltimorechronicle.com/#spider,baltimorechronicle.com
74398,http://caracaschronicles.com/#spider,caracaschronicles.com
76326,http://www.californiachronicle.com/#spider,californiachronicle.com
77829,http://librarychronicles.blogspot.com/#spider,librarychronicles.blogspot.com
79508,http://www.evilgeniuschronicles.org/#spider,evilgeniuschronicles.org
80543,http://www.daily-chronicle.com/#spider,daily-chronicle.com
81052,http://www.chronicle-tribune.com/#spider,chronicle-tribune.com
81281,http://www.thechronicleherald.ca/#spider,thechronicleherald.ca
82920,http://www.tribunechronicle.com/#spider,tribunechronicle.com
83097,http://bluestarchronicles.com/#spider,bluestarchronicles.com
84777,http://www.bozemandailychronicle.com/#spider,bozemandailychronicle.com
85636,http://wiredcampus.chronicle.com/#spider,wiredcampus.chronicle.com
86347,http://www.thesunchronicle.com/#spider,thesunchronicle.com
88251,http://www.chronicle.gi/#spider,chronicle.gi
89776,http://www.skyvalleychronicle.com/#spider,skyvalleychronicle.com
90961,http://www.legendsandchronicles.com/#spider,legendsandchronicles.com
92753,http://egyptianchronicles.blogspot.co.uk/#spider,egyptianchronicles.blogspot.co.uk
93085,http://blogs.democratandchronicle.com/#spider,blogs.democratandchronicle.com
93542,http://caboosechronicle.com/#spider,caboosechronicle.com
93993,http://www.chroniclebooks.com/#spider,chroniclebooks.com
95439,http://www.dukechronicle.com/#spider,dukechronicle.com
97262,http://voteup.democratandchronicle.com/#spider,voteup.democratandchronicle.com
97539,http://chronicle.uchicago.edu/#spider,chronicle.uchicago.edu
97796,http://thejewishchronicle.net/#spider,thejewishchronicle.net
98353,http://thejudychronicles.com/#spider,thejudychronicles.com
98618,http://www.mccoveychronicles.com/#spider,mccoveychronicles.com
100046,http://www.postchronicle.com/#spider,postchronicle.com
100175,http://wschronicle.com/#spider,wschronicle.com
102838,http://angryblackladychronicles.com,Angry Black Lady Chronicles | #TWiBNation
103119,http://akemi.typepad.com,Chalk and Cheese Chronicles
103747,http://mongoosechronicles.blogspot.com,The Mongoose Chronicles
104303,http://www.beyondblackwhite.com,"Beyond Black & White - Chronicles, Musings and Debates about Interracial & Intercultural Relationships"
104315,http://www.blackchronicle.com,"Black Chronicle ""The Paper That Tells The Truth"""
104403,http://www.districtchronicles.com,The District Chronicles
104605,http://www.michiganchronicle.com,The Michigan Chronicle | The Michigan Chronicle
105925,http://thechronicle.com.au/#spider,thechronicle.com.au
106572,http://chronicle.northcoastnow.com/,chronicle.northcoastnow.com
107777,#spider242,palestinechronicle.com
108393,http://paycheck-chronicles.military.com/,paycheck-chronicles.military.com
110572,http://jewishchronicle.org/,jewishchronicle.org
110647,http://chroniclelive.co.uk/,chroniclelive.co.uk
110662,http://curacaochronicle.com/,curacaochronicle.com
110742,http://egyptianchronicles.blogspot.com.tr/,egyptianchronicles.blogspot.com.tr
111066,http://michronicleonline.com/,michronicleonline.com
111204,http://morningsideparkchronicle.com/,morningsideparkchronicle.com
112247,http://christianchronicle.org/,christianchronicle.org
112377,http://chroniclenewspaper.com/,chroniclenewspaper.com
115379,http://countertop-chronicles.blogspot.com/,countertop-chronicles.blogspot.com
116679,http://chronicle.duke.edu/,chronicle.duke.edu
121578,http://deccanchronicle.com/,deccanchronicle.com
122585,http://sfchronicle.us/,sfchronicle.us
122867,http://enigmachronicle.com/,enigmachronicle.com
123424,http://oldham-chronicle.co.uk/,oldham-chronicle.co.uk
123840,http://paris-chronicler.blogspot.com/,paris-chronicler.blogspot.com
124408,http://annarborchronicle.com/,annarborchronicle.com
127365,http://thedalleschronicle.com/,thedalleschronicle.com
127580,http://crossville-chronicle.com/,crossville-chronicle.com
128425,http://tnclassroomchronicles.org/,tnclassroomchronicles.org
130952,http://gorchronicles.com/,gorchronicles.com
132923,http://chronicleonline.com/,chronicleonline.com
133122,http://omakchronicle.com/,omakchronicle.com
136042,http://theitchronicle.com/,theitchronicle.com
143800,http://nationalchronicleliberia.com/,nationalchronicleliberia.com
143905,http://theleafchronicle.com/,theleafchronicle.com
144642,http://chronicleproject.com/,chronicleproject.com
145697,http://old.chronicle.augusta.com/,old.chronicle.augusta.com
145818,http://thecherawchronicle.com/,thecherawchronicle.com
146351,http://chroniclecoffee.com/,chroniclecoffee.com
146612,http://charlestonchronicle.net/,charlestonchronicle.net
147667,http://canalstreetchronicles.com/,canalstreetchronicles.com
149029,http://diversitychronicle.wordpress.com/,diversitychronicle.wordpress.com
149234,http://chatterboxchronicles.blogspot.com/,chatterboxchronicles.blogspot.com
149637,https://chroniclevitae.com/,chroniclevitae.com
150955,http://www.dukechronicle.com/,www.dukechronicle.com
160334,http://guyanachronicle.com/,guyanachronicle.com
164149,http://corruptionchronicles.com/,corruptionchronicles.com
167435,http://chroniclesofgeorge.nanc.com/,chroniclesofgeorge.nanc.com
167464,http://cardchronicle.com/,cardchronicle.com
168383,http://investorschronicle.co.uk/,investorschronicle.co.uk
169981,http://files.dukechronicle.com/,files.dukechronicle.com
170491,http://thehillchronicles.com/,thehillchronicles.com
170620,http://caracaschronicles.blogspot.com/,caracaschronicles.blogspot.com
171198,http://quchronicle.com/,quchronicle.com
172053,http://gaypeopleschronicle.com/,gaypeopleschronicle.com
172627,http://raleighchronicle.com/,raleighchronicle.com
173769,http://augustachronicle.com/,augustachronicle.com
175242,http://daughterchronicles.blogspot.com/,daughterchronicles.blogspot.com
177245,http://frontierchronicle.tumblr.com/,frontierchronicle.tumblr.com
178564,http://kcchronicle.com/,kcchronicle.com
179097,http://theeventchronicle.com/,theeventchronicle.com
187602,http://crushedgrapechronicles.com/,crushedgrapechronicles.com
188369,http://thecompassionchronicles.com/,thecompassionchronicles.com
193894,https://chroniclesofmommy.wordpress.com/,chroniclesofmommy.wordpress.com
197173,http://thecatskillchronicle.com/,thecatskillchronicle.com
199009,http://thecastillochronicles.blogspot.com/,thecastillochronicles.blogspot.com
200476,http://wangarattachronicle.com.au/,wangarattachronicle.com.au
201545,http://mormonchronicle.com/,mormonchronicle.com
203102,http://sevenoakschronicle.co.uk/,sevenoakschronicle.co.uk
203168,http://heraldchronicle.com/,heraldchronicle.com
204634,http://thechroniclesonline.com/,thechroniclesonline.com
206242,http://catholicchronicle.org/,catholicchronicle.org
212587,http://michronicleonline.com?p=1508668/,michronicleonline.com?p=1508668
222768,http://chronicle-express.com/,chronicle-express.com
224973,http://calhounchronicle.com/,calhounchronicle.com
226340,http://adobochronicles.com/,adobochronicles.com
226991,http://crewechronicle.co.uk/,crewechronicle.co.uk
227232,http://moonmontchronicle.com/,moonmontchronicle.com
238869,http://chronicle.cornell.edu/,chronicle.cornell.edu
240117,http://bigislandchronicle.com/,bigislandchronicle.com
240297,http://sfchroniclemarketplace.com/,sfchroniclemarketplace.com
240416,http://latinbusinesschronicle.com/,latinbusinesschronicle.com
240566,http://obergonchronicles.com/,obergonchronicles.com
243186,http://thechronicle.demon.co.uk/,thechronicle.demon.co.uk
246247,http://ctpostchronicle.com/,ctpostchronicle.com
248628,http://php.democratandchronicle.com/,php.democratandchronicle.com
249695,http://omgchronicles.vickilarson.com/,omgchronicles.vickilarson.com
250321,http://miamivicechronicles.com/,miamivicechronicles.com
252067,http://afrochronicles.tumblr.com/,afrochronicles.tumblr.com
253166,http://chroniclesofamerica.com/,chroniclesofamerica.com
253278,http://rocdocs.democratandchronicle.com/,rocdocs.democratandchronicle.com
254431,https://martianchronicles.files.wordpress.com/,martianchronicles.files.wordpress.com
256729,http://climaticidechronicles.org/,climaticidechronicles.org
261682,http://unchronicle.un.org/,unchronicle.un.org
262818,http://bangladeshchronicle.net/,bangladeshchronicle.net
263767,http://holocaustchronicle.org/,holocaustchronicle.org
263793,http://wampumchronicles.com/,wampumchronicles.com
264833,http://theufochronicles.com/,theufochronicles.com
265093,http://eventhorizonchronicle.blogspot.com/,eventhorizonchronicle.blogspot.com
265103,http://eventhorizonchronicle.blogspot.com.au/,eventhorizonchronicle.blogspot.com.au
266558,https://chronicle.fanack.com/,chronicle.fanack.com
267217,http://chroniclesofmommy.net/,chroniclesofmommy.net
267756,http://egyptianchronicles.blogspot.fr/,egyptianchronicles.blogspot.fr
269164,https://chronicleofsocialchange.org/,chronicleofsocialchange.org
274836,https://brazilchronicle.wordpress.com/,brazilchronicle.wordpress.com
278689,http://lexingtonchronicle.com/,lexingtonchronicle.com
286620,http://uschronicle.com/,uschronicle.com
288102,http://democracychronicles.com/,democracychronicles.com
295697,http://thenews-chronicle.com/,"The News Chronicle – We stand for truth, no matter who tells it"
298195,http://chroniclesofrettek.tumblr.com/,chroniclesofrettek.tumblr.com
300231,http://www.chrono-tm.org/en/,Chronicles of Turkmenistan | Publication of Turkmen Initiative for Human Rights
301913,http://houstonchronicle.collegehoops.upickem.net/,houstonchronicle.collegehoops.upickem.net
302298,http://warchronicle.com/,warchronicle.com
303217,http://theamericanchronicle.blogspot.com/,theamericanchronicle.blogspot.com
303563,http://egyptianchronicles.blogspot.co.nz/,egyptianchronicles.blogspot.co.nz
304754,http://frasercoastchronicle.com.au/,frasercoastchronicle.com.au
306099,http://samizdatchronicles.blogspot.com/,samizdatchronicles.blogspot.com
306985,http://chroniclecontent.com/,chroniclecontent.com
307042,http://presschronicle.com/,presschronicle.com
307584,http://ssuchronicle.com/,ssuchronicle.com
308293,http://chronicletimes.com/,chronicletimes.com
309353,http://chroniclesofshame.com/,chroniclesofshame.com
310176,http://chroniclejournal.com/,chroniclejournal.com
310268,http://bdchronicle.com/,bdchronicle.com
311878,http://councilchronicle.com/,councilchronicle.com
312086,http://chroniclet.com/,chroniclet.com
313444,http://lightchronicle.com/,lightchronicle.com
313665,http://thehofstrachronicle.com/,thehofstrachronicle.com
313837,http://kchronicles.com/,kchronicles.com
317298,http://shamechronicles.com/,shamechronicles.com
317956,http://chicagochronicle.com/,chicagochronicle.com
318228,http://malayachronicles.com/,malayachronicles.com
318616,http://thebronxchronicle.com/,thebronxchronicle.com
319350,http://chronicledaily.com/,chronicledaily.com
319410,http://columbiachronicle.com/,columbiachronicle.com
319717,http://thechronicleofeducation.com/,thechronicleofeducation.com
321575,http://theinternationalchronicles.com/,theinternationalchronicles.com
326664,http://candidatechronicle.com/,candidatechronicle.com
326906,http://bearleaderchronicle.com/,bearleaderchronicle.com
330397,http://chronicletodaynetwork.com/,chronicletodaynetwork.com
330472,http://trentonchronicle.com/,trentonchronicle.com
332464,http://malaysia-chronicle.com/,malaysia-chronicle.com
334437,http://cyfamilychronicles.wixsite.com/,cyfamilychronicles.wixsite.com
334754,http://massachusettschronicle.com/,massachusettschronicle.com
334773,http://executivechronicles.com/,executivechronicles.com
337614,http://hwchronicle.com/,hwchronicle.com
338385,http://rhodeislandchronicle.com/,rhodeislandchronicle.com
340044,http://thejeffersonchronicle.com/,thejeffersonchronicle.com
341045,http://caninechronicle.com/,caninechronicle.com
345075,http://thetoychronicle.com/,thetoychronicle.com
348773,http://sflchronicle.com/,sflchronicle.com
352174,http://patriotchronicle.com/,patriotchronicle.com
352218,http://crackdownchronicles.com/,crackdownchronicles.com
352393,http://littlerockchronicle.com/,littlerockchronicle.com
352885,http://guatemalachronicle.wordpress.com/,guatemalachronicle.wordpress.com
353907,http://cassandra-chronicles.blogspot.com/,cassandra-chronicles.blogspot.com
354537,http://connecticutchronicle.com/,connecticutchronicle.com
357747,http://springfieldchronicle.com/,springfieldchronicle.com
360084,http://newyork-chronicle.com/,newyork-chronicle.com
360818,http://heartlandchronicle.com/,heartlandchronicle.com
366325,http://houstonchronicle.com/,houstonchronicle.com
366589,http://saintpaulchronicle.com/,saintpaulchronicle.com
367328,http://sfchronicle.com/,sfchronicle.com
367490,http://guatemalachronicle.files.wordpress.com/,guatemalachronicle.files.wordpress.com
368611,http://theclintonchronicles.com/,theclintonchronicles.com
369345,http://edtechchronicle.com/,edtechchronicle.com
369513,http://clintonchronicle.com/,clintonchronicle.com
372370,http://inteldinarchronicles.blogspot.com/,inteldinarchronicles.blogspot.com
373060,http://democracychronicles.org/,democracychronicles.org
373548,http://bartonchronicle.com/,bartonchronicle.com
376114,http://thedodgevillechronicle.com/,thedodgevillechronicle.com
376523,http://observerchronicle.com/,observerchronicle.com
376529,http://inteldinarchronicles.blogspot.jp/,inteldinarchronicles.blogspot.jp
376615,http://thedishpanchronicles.blogspot.com/,thedishpanchronicles.blogspot.com
380041,http://www.ladysmithchronicle.com/,Ladysmith Chronicle
380069,http://www.oliverchronicle.com/,Oliver Chronicle | Oliver's Daily News Source
380245,http://shellbrookchronicle.com/,Shellbrook Chronicle
380467,http://www.manorparkchronicle.com/,Manor Park Chronicle
380587,http://www.waterloochronicle.ca/,Waterloo News - Latest Daily Breaking News Stories | WaterlooChronicle.ca
380591,http://www.thechronicle-online.com/,West Elgin Chronicle
380661,http://www.qctonline.com/node,"Quebec Chronicle-Telegraph Online | North America's Oldest Newspaper, Since 1764"
380666,http://www.tomifobia.com/,Log Cabin Chronicles index page
383970,http://libertychronicle.net/,libertychronicle.net
385121,http://thechronicle.com.gh/,"The Chronicle - Ghana News - Ghana News, Business, Sports, Entertainment, Health News and Opinions"
385140,http://theamericanchronicle.blogspot.com.ar/,theamericanchronicle.blogspot.com.ar
385401,http://inteldinarchronicles.blogspot.ca/,inteldinarchronicles.blogspot.ca
385900,http://inteldinarchronicles.blogspot.co.uk/,inteldinarchronicles.blogspot.co.uk
386096,http://projects.chronicle.com/,projects.chronicle.com
386176,http://inteldinarchronicles.blogspot.ru/,inteldinarchronicles.blogspot.ru
388041,http://csusmchronicle.com/,csusmchronicle.com
389321,http://abortionchronicles.com/,abortionchronicles.com
390379,http://www.chroniclelive.co.uk/?service=rss,Evening Chronicle UK
391209,http://thecutlerychronicles.com/,thecutlerychronicles.com
391816,http://thedessertchronicles.com/,thedessertchronicles.com
391837,http://thechroniclesofhome.com/,thechroniclesofhome.com
391853,http://losangeleschronicle.blogspot.com/,losangeleschronicle.blogspot.com
392155,http://mamachronicles.typepad.com/,mamachronicles.typepad.com
392687,http://cravingchronicles.com/,cravingchronicles.com
392723,http://thecontractorchronicles.com/,thecontractorchronicles.com
394700,http://www.capecodchronicle.com/,Cape Cod Chronicle
394727,http://hamilton.wickedlocal.com/,"Hamilton-Wenham Chronicle: Local & World News, Sports & Entertainment in Hamilton, MA"
394760,http://www.millburysutton.com/,Millbury Sutton Chronicle
394815,http://homenewshere.com/daily_times_chronicle/,Daily Times Chronicle
406880,http://last-chronicle.doorblog.jp/,last-chronicle.doorblog.jp
412589,http://eolynchronicles.blogspot.com/,eolynchronicles.blogspot.com
416222,http://www.the-mommyhood-chronicles.com/,"The Mommyhood Chronicles: Parenting, Motherhood, and Family Friendly Product Reviews"
417130,http://buffalochronicle.com/,buffalochronicle.com
422344,http://remchronicle.com/,remchronicle.com
423446,http://chesterchronicle.co.uk/,chesterchronicle.co.uk
428592,http://strosechronicle.com/,strosechronicle.com
433512,http://cashchronicles.com/,cashchronicles.com
437461,http://dailyutahchronicle.com/,dailyutahchronicle.com
442080,http://bathchronicle.co.uk/,bathchronicle.co.uk
443082,http://appalachianchronicle.com/,appalachianchronicle.com
444627,http://results.chronicle.com/,results.chronicle.com
448980,http://chronicleofcurrentevents.net/,chronicleofcurrentevents.net
452910,http://chronicle.pitt.edu/,chronicle.pitt.edu
456518,http://info.sfchronicle.com/,info.sfchronicle.com
462479,http://the-nielsen-chronicle.com/,the-nielsen-chronicle.com
462541,http://patientadvocateschronicle.com/,patientadvocateschronicle.com
465695,http://theamericanchronicle.blogspot.ca/,theamericanchronicle.blogspot.ca
466150,http://raymondville-chronicle.com/,raymondville-chronicle.com
467789,http://chroniclesofpassion.com/,chroniclesofpassion.com
478314,http://advisor-chronicle.com/,advisor-chronicle.com
480688,http://sfchronicle.myshopify.com/,sfchronicle.myshopify.com
481359,http://oliverchronicle.com/,oliverchronicle.com
487239,http://kerrichronicles.com/,kerrichronicles.com
488829,http://nonprofitchronicles.com/,nonprofitchronicles.com
491592,http://creamerchronicles.blogspot.com/,creamerchronicles.blogspot.com
493807,http://sweetpotatochronicles.com/,sweetpotatochronicles.com
498896,http://christianchronicler.com/,christianchronicler.com
500416,http://thecrunchychronicles.com/,thecrunchychronicles.com
500562,http://boholchronicle.net/,boholchronicle.net
503517,http://myteapartychronicle.blogspot.com/,myteapartychronicle.blogspot.com
503933,http://earth-chronicles.com/,earth-chronicles.com
510389,http://sandtonchronicle.co.za/,sandtonchronicle.co.za
511586,http://readingchronicle.co.uk/,readingchronicle.co.uk
512147,http://chroniclesofanursingmom.com/,chroniclesofanursingmom.com
530242,http://stargate-chronicles.com/,stargate-chronicles.com
533338,http://grantchronicles.com/,grantchronicles.com
535475,http://chchronicle.com.au/,chchronicle.com.au
537476,http://waterloochronicle.ca/,waterloochronicle.ca
537998,http://northwaleschronicle.co.uk/,northwaleschronicle.co.uk
540374,http://hampshirechronicle.co.uk/,hampshirechronicle.co.uk
540585,http://abramsandchronicle.co.uk/,abramsandchronicle.co.uk
541066,http://boholchronicle.com.ph/,boholchronicle.com.ph
541643,http://houstonchronicle.atavist.com/,houstonchronicle.atavist.com
541758,http://thehinduchronicle.com/,thehinduchronicle.com
542167,http://americancowboychronicles.com/,americancowboychronicles.com
542794,http://manhattanchronicles.com/,manhattanchronicles.com
542803,http://chakanachronicles.com/,chakanachronicles.com
544387,http://orwellianchronicle.net/,orwellianchronicle.net
545519,http://dochaschronicles.blogspot.com/,dochaschronicles.blogspot.com
546595,http://jewishchronicle.timesofisrael.com/,jewishchronicle.timesofisrael.com
548661,http://chachachronicles.blogspot.com/,chachachronicles.blogspot.com
549000,http://goldcoastchronicle.com/,goldcoastchronicle.com
549983,http://secretworldchronicle.com/,secretworldchronicle.com
551895,http://trumpchronicles.org/,trumpchronicles.org
556612,http://juggling-autism-the-chronicles-of-ben-royko.com/,juggling-autism-the-chronicles-of-ben-royko.com
557935,http://riverhousechronicles.com/,riverhousechronicles.com
558722,http://ikengachronicles.com/,ikengachronicles.com
559044,http://theviralchronicle.com/,theviralchronicle.com
561049,http://chroniclesofdemocracy.com/,chroniclesofdemocracy.com
561887,http://thedwchroniclesxxx.blogspot.com/,thedwchroniclesxxx.blogspot.com
562584,http://dekalbchronicle.net/,dekalbchronicle.net
564328,http://chronicle.ng/,chronicle.ng
565330,http://mplschronicle.com/,mplschronicle.com
566624,http://egyptianchronicles.blogspot.com.eg/,egyptianchronicles.blogspot.com.eg
567885,http://aquariuschronicles.com/,aquariuschronicles.com
570410,http://webbcanyonchronicle.com/,webbcanyonchronicle.com
578064,http://ashortchronicle.blogspot.com/,ashortchronicle.blogspot.com
579145,http://chronicleillinois.com/,chronicleillinois.com
579287,http://capecodchronicle.com/,capecodchronicle.com
580587,http://chroniclesofterror.pl/,chroniclesofterror.pl
583477,http://mychroniclebookbox.com/,mychroniclebookbox.com
585622,http://projects.houstonchronicle.com/,projects.houstonchronicle.com
586723,http://the-mommyhood-chronicles.com/,the-mommyhood-chronicles.com
588952,http://ph16chroniclez.tumblr.com/,ph16chroniclez.tumblr.com
589365,http://antiguachronicle.net/,antiguachronicle.net
589385,http://houstonchronicle-tv.com/,houstonchronicle-tv.com
589599,http://equinechronicle.com/,equinechronicle.com
589622,http://thecoastalbendchronicle.com/,thecoastalbendchronicle.com
589662,http://dogmachronicle.com/,dogmachronicle.com
590344,http://oyechronicle.com/,oyechronicle.com
590560,http://poemachronicles.com/,poemachronicles.com
591383,http://redeyechronicle.com/,redeyechronicle.com
591572,http://newfrontierchronicle.org/,newfrontierchronicle.org
595560,http://chroniclesofchaos.com/,chroniclesofchaos.com
596046,http://chroniclesofyaya.blogspot.com/,chroniclesofyaya.blogspot.com
601500,http://chronicled.com/,chronicled.com
602104,http://chronicled.org/,chronicled.org
602831,http://eu-chronicle.eu/,eu-chronicle.eu
618033,http://dinarchronicles.com/,dinarchronicles.com
618980,http://americanchronicle.info/,americanchronicle.info
619478,http://bettyboochronicles.blogspot.com/,bettyboochronicles.blogspot.com
619860,http://empirechronicles.co.uk/,empirechronicles.co.uk
621798,http://sandman-chronicles.blogspot.com/,sandman-chronicles.blogspot.com
623188,http://www.cubachronicle.com/,Cuba Chronicle
625088,http://chronicle.askdefine.com/,chronicle.askdefine.com
634556,http://chronicler.askdefine.com/,chronicler.askdefine.com
648360,http://globalhealthchronicles.org/,globalhealthchronicles.org
648836,http://www.springriverchronicle.com,Spring River Chronicle
649812,http://www.couriermail.com.au/questnews/north,Brisbane North News | City North News | Northside Chronicle | Northwest Chronicle | North Brisbane Newspapers | The Courier Mail
649888,http://www.dartmouth-today.co.uk/,Dementia awareness event organised for TOMORROW at Follaton House | Home | Dartmouth Chronicle
649912,http://hughsonchronicle-denairdispatch.weebly.com/,Hughsonchronicle-denairdispatch
649932,http://napier-chronicles.co.uk/,napier-chronicles.co.uk
650024,http://www.montgomerynews.com/glenside_news_globe_times_chronicle/,Timeschronicle
650669,http://italychronicles.com/,italychronicles.com
652998,http://www.blayneychronicle.com.au/,Blayney Chronicle
653010,http://www.dailytelegraph.com.au/newslocal/macarthur,Macarthur Chronicle
653035,http://www.easternriverinachronicle.com.au/,Eastern Riverina Chronicle
653051,http://www.muswellbrookchronicle.com.au/,Muswellbrook Chronicle
653095,http://www.winghamchronicle.com.au/,Wingham Chronicle
653113,http://www.sunshinecoastdaily.com.au/news/buderim/,Buderim Chronicle
653190,http://www.westislandchronicle.com/,Chronicle - Canada - Quebec
653191,http://www.newsbug.info/hoopeston_chronicle/,Chronicle - United States - Illinois
653192,http://www.pucchronicle.com/,Chronicle - United States - Indiana
653193,http://www.southcoasttoday.com/apps/pbcs.dll/section?Category=PUB02,Chronicle - United States - Massachusetts
653194,http://www.plattechronicle.com/,Chronicle - United States - Missouri
653195,http://www.readthechronicle.com/,Chronicle - United States (Glens Falls)
653196,http://www.thechronicleonline.com/,Chronicle - United States - Oregon
653197,http://www.thechronicleofmtjuliet.com/,Chronicle - United States - Tennessee
653214,http://www.borderchronicle.com.au/,Border Chronicle
653276,http://www.camperdownchronicle.com.au/,Camperdown Chronicle
653342,http://www.mmg.com.au/local-news/yarrawonga,Yarrawonga Chronicle
656158,http://www.andamanchronicle.net/,Andaman Chronicle
656950,http://wanganuichronicle.co.nz/,Wanganui Chronicle
657266,http://www.negroschronicle.com/,Negros Chronicle
657268,http://www.boholchronicle.com/,Bohol Chronicle
657825,http://stfrancischronicle.com/,St. Francis Chronicle
657839,http://comarochronicle.co.za/,Comaro Chronicle
658572,http://www.oundlechronicle.com/,Oundle Chronicle
658647,http://ballymoney.thechronicle.uk.com/,Ballymoney Chronicle
658660,http://limavady.thechronicle.uk.com/,Limavady Chronicle
658661,http://ballycastle.thechronicle.uk.com/,Ballycastle Chronicle
658669,http://strabanechronicle.com/,Strabane Chronicle
658693,http://www.cumnockchronicle.com/,Cumnock Chronicle
658765,http://www.dailypost.co.uk/all-about/flintshire,Flintshire Chronicle
658766,http://www.abergavenny-chronicle-today.co.uk/,Abergavenny Chronicle
658797,http://www.barnsley-chronicle.co.uk/,Barnsley Chronicle
659009,http://www.lakepowellchronicle.com/,Lake Powell Chronicle
659087,http://lionschronicle.uafs.edu/,Lions' Chronicle
659125,http://salineriverchronicle.blogspot.com/,Saline River Chronicle
659300,http://www.mercedsunstar.com/news/local/community/livingston/,Livingston Chronicle
659331,http://larchmontchronicle.com/,Larchmont Chronicle
659346,http://egpnews.com/category/editions/wyvernwood-chronicle/,Wyvernwood Chronicle
659679,http://parkerchronicle.net/,Parker Chronicle
659696,http://www.trinidadchroniclenews.com/,Trinidad Chronicle News
659950,http://www.bizjournals.com/atlanta/,Atlanta Business Chronicle
660058,http://www.thefilipinochronicle.com/,Hawaii Filipino Chronicle
660093,http://www.cottonwoodchronicle.com/,Cottonwood Chronicle
660823,http://pellachronicle.com/,Pella Chronicle
660847,http://www.abilene-rc.com/,Abilene Refelector Chronicle
660921,http://www.och-c.com/,Osage County Herald Chronicle
661332,http://www.ccchronicle.net/,Cass City Chronicle
661410,http://www.mlive.com/muskegon/,Muskegon Chronicle
661629,http://www.twoharborsmn.com/,Lake County News Chronicle
661649,http://www.asuchronicle.com/,Campus Chronicle
661743,http://www.kcjc.com/,Kansas City Jewish Chronicle
661872,http://clarkforkchronicle.wordpress.com/,Clark Fork Chronicle
662002,http://www.colebrookchronicle.com/,Colebrook Chronicle
662040,http://www.thepvchronicle.com/,Paulinskill Valley Chronicle
662054,http://www.nj.com/cranford/,Cranford Chronicle
662092,http://newjerseyhills.com/mt_olive_chronicle/,Mount Olive Chronicle
662128,http://essexnewsdaily.com/category/news/westorange,West Orange Chronicle
662140,http://www.sangrechronicle.com/,Sangre de Christo Chronicle
662218,http://www.hofstrachronicle.com/,Hofstra Chronicle
662238,http://www.theculvertchronicles.com/,Culvert Chronicles
662264,http://www.qchron.com/editions/central/,"Queens Chronicle - United States (New York (Central
Mid Queens))"
662265,http://www.qchron.com/editions/eastern/,Queens Chronicle - United States (New York (Eastern Queens))
662266,http://www.qchron.com/editions/north/,Queens Chronicle - United States (New York (North Northeast Queens))
662267,http://www.qchron.com/editions/south/,Queens Chronicle - United States (New York (South Queens))
662268,http://www.qchron.com/editions/western/,Queens Chronicle - United States (New York (Western Queens))
662362,http://www.crossroadschronicle.com/,Crossroads Chronicle
662463,http://www.cavalierchronicle.com,Cavalier Chronicle
662680,http://www.grand-chronicle.com/,Chronicle of Grand Lake
662963,http://www.bhpnc.com/,Belton Honea Path News Chronicle
662966,http://www.chronicle-independent.com/,Chronicle Independent
662986,http://lexingtonchronicle.com/index1.htm,Lexington County Chronicle
662991,http://www.myhorrynews.com/eedition_carolina_forest_chronicle/,Carolina Forest Chronicle
663023,http://www.custercountynews.com/,Custer County Chronicle
663084,http://www.magicvalleypublishing.com/v2/content.aspx?ID=28649&MemberID=1983,Camden Chronicle
663089,http://www.chattanooganewschronicle.com/,Chattanooga News Chronicle
663109,http://www.hchronicle.net/,Humboldt Chronicle
663124,http://www.maconcountychronicle.com/,Macon County Chronicle
663290,http://www.richlandchronicle.com/,Richland Chronicle
663512,https://www.fishercountychronicle.com/,Fisher Country Chronicle
663560,http://www.teaguechronicle.com/,Teague Chronicle
663586,https://www.willspointchronicle.com/,Wills Point Chronicle
663611,http://www.paysonads.com/,"Payson Chronicle - News, Classifieds, Events, and Businesses in Payson, Utah"
663612,http://paysonchronicle.blogspot.com/,The Payson Chronicle
663735,http://conquestchronicles.com/,conquestchronicles.com
663848,http://marlinchronicle.vwc.edu/,Marlin Chronicle
664021,http://www.wetzelchronicle.com/,Wetzel Chronicle
664031,http://www.shepherdstownchronicle.com/,Shepherdstown Chronicle
664034,http://www.nicholaschronicle.com/,Nicholas Chronicle
664055,http://lacrossetribune.com/jacksoncochronicle/,Jackson County Chronicle
664231,http://www.smalltownpapers.com/newspapers/newspaper.php?id=233,"SmallTownPapers - The Lovell Chronicle, Lovell Wyoming"
667612,http://hudsoncountychronicles.com/,hudsoncountychronicles.com
672070,http://coleraine.thechronicle.uk.com/,coleraine.thechronicle.uk.com
677022,http://chronicle.umbmentoring.org/,chronicle.umbmentoring.org
677530,http://queanbeyanagechronicle.com.au/,queanbeyanagechronicle.com.au
678407,http://abyssalchronicles.com/,abyssalchronicles.com
680977,http://cheektowagachronicle.com/,cheektowagachronicle.com
682347,http://lakepowellchronicle.com/,lakepowellchronicle.com
689042,http://myaccount.houstonchronicle.com/,myaccount.houstonchronicle.com
689190,http://chronicle.security/,chronicle.security
694211,http://rssfeeds.democratandchronicle.com/,rssfeeds.democratandchronicle.com
697832,http://criticschronicle.com/,criticschronicle.com
699773,http://silverstatechronicles.com/,silverstatechronicles.com
699834,http://therightleftchronicles.com/,therightleftchronicles.com
700048,http://thechronicle-news.com/,thechronicle-news.com
700532,http://ladysmithchronicle.com/,ladysmithchronicle.com
701001,http://deplorablechronicles.com/,deplorablechronicles.com
702249,http://thestarchronicle.net/,thestarchronicle.net
702901,http://maintenance.austinchronicle.com/,maintenance.austinchronicle.com
704386,http://theillinoischronicle.com/,theillinoischronicle.com
706641,http://houstonchronicle.com.ln.is/,houstonchronicle.com.ln.is
706799,http://thelibertychronicle.com/,thelibertychronicle.com
707491,http://stateschronicle.com/,stateschronicle.com
707602,http://ww17.democratandchronicle.co/,ww17.democratandchronicle.co
708017,http://chronicle.pro/,chronicle.pro
713361,http://houstonchronicle.co/,houstonchronicle.co
715542,http://regionalchronicle.co.uk/,regionalchronicle.co.uk
723369,http://greenbookchronicles.com/,greenbookchronicles.com
725974,http://theneckbeardchroniclesarchives.blogspot.com/,theneckbeardchroniclesarchives.blogspot.com
726510,http://thebackpackchronicles.com/,thebackpackchronicles.com
729428,http://backcountrychronicles.com/,backcountrychronicles.com
729980,http://gypsygirlchronicles.blogspot.com/,gypsygirlchronicles.blogspot.com
731088,http://thebanbridgechronicle.com/,thebanbridgechronicle.com
731379,http://themijachronicles.com/,themijachronicles.com
737435,http://obits.democratandchronicle.com/,obits.democratandchronicle.com
738262,http://choice.democratandchronicle.com/,choice.democratandchronicle.com
738899,http://classifieds.theleafchronicle.com/,classifieds.theleafchronicle.com
739070,http://people.democratandchronicle.com/,people.democratandchronicle.com
752075,http://wavechronicle.com/,wavechronicle.com
752380,http://eventhorizonchronicle.blogspot.co.uk/,eventhorizonchronicle.blogspot.co.uk
752444,http://chronicle.su.ridder.co/,chronicle.su.ridder.co
752616,http://eventhorizonchronicle.blogspot.com.ln.is/,eventhorizonchronicle.blogspot.com.ln.is
753095,http://mtkchronicles.com/,mtkchronicles.com
753499,http://tichronicles.x10host.com/,tichronicles.x10host.com
753851,http://themaxeychronicles.blogspot.com/,themaxeychronicles.blogspot.com
754056,http://chronicleflask.com/,chronicleflask.com
757093,http://theeventchronicle.com.ridder.co/,theeventchronicle.com.ridder.co
757760,http://orwellianchronicle.blogspot.com/,orwellianchronicle.blogspot.com
758629,http://hitechchronicle.com/,hitechchronicle.com
148593,http://civictribune.com/,civictribune.com
111135,http://clickhole.com/,clickhole.com
752994,http://patriothole.clickhole.com/,patriothole.clickhole.com
70100,http://www.coasttocoastam.com/#spider,coasttocoastam.com
105531,http://collective-evolution.com/#spider,collective-evolution.com
26774,http://consciouslifenews.com,consciouslifenews.com
228677,http://conservativeoutfitters.com/,conservativeoutfitters.com
151727,http://countdowntozerotime.com/,countdowntozerotime.com
238307,http://countdowntozerotime.org/,countdowntozerotime.org
335450,http://counterpsyops.com/,counterpsyops.com
506891,http://creambmp.com/,creambmp.com
349779,http://dailybuzzlive.com/,dailybuzzlive.com
52471,http://dailycurrant.com/#spider,dailycurrant.com
270537,http://dailynewsbin.com/,dailynewsbin.com
69123,http://dcclothesline.com/#spider,dcclothesline.com
214403,https://dcclothesline.wordpress.com/,dcclothesline.wordpress.com
228962,http://demyx.com/,demyx.com
410233,http://foro.academyxperts.com/,foro.academyxperts.com
335336,http://derfmagazine.com/,derfmagazine.com
30420,http://www.disclose.tv#spider,disclose.tv
234886,http://pharmadisclose.org/,pharmadisclose.org
543483,http://undisclosed-podcast.com/,undisclosed-podcast.com
577424,http://disclosesilence.org/,disclosesilence.org
586568,http://undisclosed.cc/,undisclosed.cc
604964,http://disclose.askdefine.com/,disclose.askdefine.com
707125,http://thedisclosenews.com/,thedisclosenews.com
97011,http://www.duffelblog.com/#spider,duffelblog.com
322396,http://duhprogressive.com/,duhprogressive.com
301043,http://empireherald.com/,empireherald.com
144093,http://empirenews.net/,empirenews.net
227357,http://empiresports.co/,empiresports.co
226259,http://cn.mediamass.net/,cn.mediamass.net
229347,http://en.mediamass.net/,en.mediamass.net
318711,http://mediamassdeception.wordpress.com/,mediamassdeception.wordpress.com
362159,http://es.mediamass.net/,es.mediamass.net
365467,http://MediaMass.net,Mediamass
301434,http://endingthefed.com/,endingthefed.com
233176,http://flyheight.com/,flyheight.com
758998,http://flyheightvideos.com/,flyheightvideos.com
208913,http://fprnradio.com/,fprnradio.com
91340,http://www.freewoodpost.com/#spider,freewoodpost.com
183005,http://geoengineeringwatch.org/,geoengineeringwatch.org
228748,http://globalassociatednews.com/,globalassociatednews.com
19195,http://www.globalresearch.ca,globalresearch.ca
98129,https://store.globalresearch.ca/#spider,store.globalresearch.ca
511001,http://tsrglobalresearch.com.ourssite.com/,tsrglobalresearch.com.ourssite.com
525611,http://globalresearchalliance.org/,globalresearchalliance.org
532430,http://globalresearchcouncil.org/,globalresearchcouncil.org
602008,http://weeklyglobalresearch.wordpress.com/,weeklyglobalresearch.wordpress.com
698279,http://theglobalresearchalliance.org/,theglobalresearchalliance.org
732977,http://survey.islandglobalresearch.com/,survey.islandglobalresearch.com
748874,http://geglobalresearch.com/,geglobalresearch.com
752112,http://globalresearch.ca.linkis.com/,globalresearch.ca.linkis.com
753522,http://globalresearch.ca.ln.is/,globalresearch.ca.ln.is
329647,http://gomerblog.com/,gomerblog.com
71782,http://govtslaves.info/#spider,govtslaves.info
562143,http://govtslaves.com/,govtslaves.com
69345,http://gulagbound.com/#spider,gulagbound.com
32020,http://www.hangthebankers.com#spider,hangthebankers.com
754110,http://hangthebankers.com.ln.is/,hangthebankers.com.ln.is
203380,http://humansarefree.com/,humansarefree.com
754312,http://humansarefree.com.ridder.co/,humansarefree.com.ridder.co
221162,http://huzlers.com/,huzlers.com
206424,http://ifyouonlynews.com/,ifyouonlynews.com
18515,http://www.infowars.com,InfoWars
33322,http://www.infowarsteam.com#spider,infowarsteam.com
33395,http://www.infowarsshop.com#spider,infowarsshop.com
33618,http://infowars-shop.stores.yahoo.net#spider,infowars-shop.stores.yahoo.net
74200,http://infowars.net/#spider,infowars.net
86654,http://infowarsmoneybomb.com/#spider,infowarsmoneybomb.com
110503,http://rss.infowars.com/,rss.infowars.com
146000,http://infowarshealth.com/,infowarshealth.com
210953,http://infowars/,infowars
240481,https://infowars.wordpress.com/,infowars.wordpress.com
278594,http://infowarsstore.com/,infowarsstore.com
280496,http://infowars.com./,infowars.com.
367385,http://hw.infowars.com/,hw.infowars.com
493894,http://paulrevere.infowars.com/,paulrevere.infowars.com
560096,http://infowars.com.linkis.com/,infowars.com.linkis.com
561305,http://cs-web.dev.infowars.com/,cs-web.dev.infowars.com
562327,http://infowarstoday.com/,infowarstoday.com
563757,http://infowars.com.ln.is/,infowars.com.ln.is
567045,http://infowars-global.com/,infowars-global.com
639644,http://infowars.zendesk.com/,infowars.zendesk.com
697488,http://infowars.com.convey.pro/,infowars.com.convey.pro
752864,http://infowars.com.ridder.co/,infowars.com.ridder.co
757573,http://infowarsbrasil.org/,infowarsbrasil.org
53075,http://intellihub.com/#spider,intellihub.com
86418,http://jonesreport.com/#spider,jonesreport.com
28661,http://www.lewrockwell.com,lewrockwell.com
147130,http://liberalamerica.org/,liberalamerica.org
332768,http://portal.liberalamerica.org/,portal.liberalamerica.org
563985,http://liberalamerica.linkis.com/,liberalamerica.linkis.com
712418,http://liberalamerica.life/,liberalamerica.life
319084,http://libertytalk.fm/,libertytalk.fm
358147,http://libertytalkradio.com/,libertytalkradio.com
229835,http://lightlybraisedturnip.com/,lightlybraisedturnip.com
72585,http://nationalreport.net/#spider,nationalreport.net
114260,http://internationalreportingproject.org/,internationalreportingproject.org
221682,http://internationalreporting.org/,internationalreporting.org
274727,http://theinternationalreporter.org/,theinternationalreporter.org
332904,http://usatransnationalreport.org/,usatransnationalreport.org
372339,http://theinternationalreporter.files.wordpress.com/,theinternationalreporter.files.wordpress.com
707486,http://internationalreporter.com/,internationalreporter.com
24030,http://www.naturalnews.com,naturalnews.com
33709,http://naturalnewstracker.wordpress.com#spider,naturalnewstracker.wordpress.com
100032,http://premium.naturalnews.tv/#spider,premium.naturalnews.tv
100503,http://acai.naturalnews.com/#spider,acai.naturalnews.com
130607,http://quinoa.naturalnews.com/,quinoa.naturalnews.com
131145,http://spirulina.naturalnews.com/,spirulina.naturalnews.com
132947,http://pomegranate.naturalnews.com/,pomegranate.naturalnews.com
133089,http://seasalt.naturalnews.com/,seasalt.naturalnews.com
134105,http://chlorella.naturalnews.com/,chlorella.naturalnews.com
134280,http://maca.naturalnews.com/,maca.naturalnews.com
135105,http://coconut.naturalnews.com/,coconut.naturalnews.com
137301,http://chia.naturalnews.com/,chia.naturalnews.com
140934,http://astaxanthin.naturalnews.com/,astaxanthin.naturalnews.com
146054,https://share.naturalnews.com/,share.naturalnews.com
162149,http://goji.naturalnews.com/,goji.naturalnews.com
162170,http://turmeric.naturalnews.com/,turmeric.naturalnews.com
162404,http://mangosteen.naturalnews.com/,mangosteen.naturalnews.com
163326,http://facebook.naturalnews.com/,facebook.naturalnews.com
164040,"http://naturalnews.com,/","naturalnews.com,"
164830,http://sos.naturalnews.com/,sos.naturalnews.com
165155,http://mesquite.naturalnews.com/,mesquite.naturalnews.com
165968,http://chs.naturalnews.com/,chs.naturalnews.com
166055,http://cht.naturalnews.com/,cht.naturalnews.com
170512,http://naturalnews.tv/,naturalnews.tv
171164,http://naturalnewsuniversity.com/,naturalnewsuniversity.com
173622,http://naturalnewsradar.wordpress.com/,naturalnewsradar.wordpress.com
191723,http://nyrnaturalnews.com/,nyrnaturalnews.com
191841,http://camucamu.naturalnews.com/,camucamu.naturalnews.com
192140,http://rooibos.naturalnews.com/,rooibos.naturalnews.com
192719,http://gmos.naturalnews.com/,gmos.naturalnews.com
234632,http://naturalnews/,naturalnews
367483,http://naturalnewsradio.com/,naturalnewsradio.com
388893,http://naturalnewsblogs.com/,naturalnewsblogs.com
467439,http://shopnaturalnews.com/,shopnaturalnews.com
666859,http://bugsawayspray.naturalnews.com/,bugsawayspray.naturalnews.com
699008,http://naturalnews.com.ln.is/,naturalnews.com.ln.is
263605,http://ncscooper.com/,ncscooper.com
105341,http://newsbiscuit.com/#spider,newsbiscuit.com
46801,http://newslogic.livejournal.com/#spider,newslogic.livejournal.com
53612,http://m.news.newslocker.com/#spider,m.news.newslocker.com
129370,http://cached.newslookup.com/,cached.newslookup.com
143709,http://newslocker.com/,newslocker.com
265328,http://newslo.com/,newslo.com
268781,http://gbnewslog.tumblr.com/,gbnewslog.tumblr.com
268913,http://gbnewslog.blogspot.com/,gbnewslog.blogspot.com
356145,http://newslosangeles.net/,newslosangeles.net
378948,http://newslogue.com/,newslogue.com
530632,http://militaryinterventionnewslog.blogspot.com/,militaryinterventionnewslog.blogspot.com
564003,http://technewslog.com/,technewslog.com
699963,http://newslocal.xyz/,newslocal.xyz
507934,http://newsmutiny.com/,newsmutiny.com
232374,http://newswire-24.com/,newswire-24.com
106746,http://nodisinfo.com/,nodisinfo.com
294592,http://now8news.com/,now8news.com
69175,http://www.nowtheendbegins.com/#spider,nowtheendbegins.com
112898,http://occupydemocrats.com/,occupydemocrats.com
560400,http://occupydemocrats.com.ln.is/,occupydemocrats.com.ln.is
562956,http://occupydemocrats.com.linkis.com/,occupydemocrats.com.linkis.com
567170,http://occupydemocrats.linkis.com/,occupydemocrats.linkis.com
592388,http://occupydemocrats.com.convey.pro/,occupydemocrats.com.convey.pro
697873,http://occupydemocrats.stfi.re/,occupydemocrats.stfi.re
698287,http://occupydemocratsparody.com/,occupydemocratsparody.com
240969,http://other98.com/,other98.com
487987,http://other98action.org/,other98action.org
30368,http://www.pakalertpress.com#spider,pakalertpress.com
147658,http://politicalblindspot.com/,politicalblindspot.com
268062,http://politicalblindspot.org/,politicalblindspot.org
148817,http://politicalears.com/,politicalears.com
296617,http://politicops.com/,politicops.com
24716,http://www.politicususa.com,PoliticusUSA
112505,http://edge2.politicususa.netdna-cdn.com/,edge2.politicususa.netdna-cdn.com
200811,http://politicususa.com?404=/,politicususa.com?404=
207517,http://edge4.politicususa.com/,edge4.politicususa.com
221733,http://src2.politicususa.netdna-cdn.com/,src2.politicususa.netdna-cdn.com
222557,http://src1.politicususa.netdna-cdn.com/,src1.politicususa.netdna-cdn.com
223963,http://mx3.politicususa.netdna-cdn.com/,mx3.politicususa.netdna-cdn.com
224401,http://mx2.politicususa.netdna-cdn.com/,mx2.politicususa.netdna-cdn.com
224628,http://mx1.politicususa.netdna-cdn.com/,mx1.politicususa.netdna-cdn.com
329103,http://politicususaliberalpolitics.tumblr.com/,politicususaliberalpolitics.tumblr.com
339990,http://politicususa.com.metacomment.io/,politicususa.com.metacomment.io
369636,http://politicususa.netdna-cdn.com/,politicususa.netdna-cdn.com
557210,http://politicususa.com.linkis.com/,politicususa.com.linkis.com
560940,http://politicususa.com.ln.is/,politicususa.com.ln.is
561770,http://politicususa.com.convey.pro/,politicususa.com.convey.pro
19148,http://www.prisonplanet.com,prisonplanet.com
33865,http://www.prisonplanet.tv#spider,prisonplanet.tv
238172,http://prisonplanet.at/,prisonplanet.at
550856,http://static.prisonplanet.com/,static.prisonplanet.com
757019,http://prisonplanet.pl/,prisonplanet.pl
370425,http://react365.com/,react365.com
179321,http://realfarmacy.com/,realfarmacy.com
287854,http://realnewsrightnow.com/,realnewsrightnow.com
68856,http://www.redflagnews.com/#spider,redflagnews.com
265113,http://redflagnews.squarespace.com/,redflagnews.squarespace.com
128,http://www.redstate.com,Redstate
73111,http://redstatements.co/#spider,redstatements.co
73671,http://redstateeclectic.typepad.com/#spider,redstateeclectic.typepad.com
76065,http://gordontaylor.redstate.com/#spider,gordontaylor.redstate.com
76173,http://redstate.org/#spider,redstate.org
78511,http://redstatebluestatebook.com/#spider,redstatebluestatebook.com
81531,http://mark-i.redstate.org/#spider,mark-i.redstate.org
96832,http://www.redstateprogressive.com/#spider,redstateprogressive.com
97754,http://www.redstatereport.com/#spider,redstatereport.com
112021,http://redstatetalkradio.com/,redstatetalkradio.com
112305,http://redstatewomen.com/,redstatewomen.com
114129,http://leon-h.redstate.org/,leon-h.redstate.org
133971,http://nygirl.redstate.org/,nygirl.redstate.org
158857,http://redstateson.blogspot.com/,redstateson.blogspot.com
159282,http://redstaterebels.typepad.com/,redstaterebels.typepad.com
159959,http://redstaterampage.blogspot.com/,redstaterampage.blogspot.com
162703,http://casualobservervations.redstate.org/,casualobservervations.redstate.org
162776,http://brad-smith.redstate.com/,brad-smith.redstate.com
165890,http://redstateupdate.com/,redstateupdate.com
166541,http://redstatethemovie.com/,redstatethemovie.com
167061,http://econradical.redstate.org/,econradical.redstate.org
167729,http://tppb.redstate.org/,tppb.redstate.org
168730,http://redstatenetwork.com/,redstatenetwork.com
172972,http://redstaterabble.blogspot.com/,redstaterabble.blogspot.com
174068,http://republicans.redstate.org/,republicans.redstate.org
174495,http://thespis148.redstate.com/,thespis148.redstate.com
176505,http://bluegirlredstate.typepad.com/,bluegirlredstate.typepad.com
177329,http://redstatefeminists.org/,redstatefeminists.org
195585,http://rally.redstate.com/,rally.redstate.com
197807,http://darleen.redstate.org/,darleen.redstate.org
199931,http://daetien.redstate.org/,daetien.redstate.org
210939,http://www.redstate.com/,www.redstate.com
234366,http://redstatemoron.typepad.com/,redstatemoron.typepad.com
246977,http://redstatedate.com/,redstatedate.com
287929,http://gathering.redstate.com/,gathering.redstate.com
295289,http://redstatewatcher.com/,redstatewatcher.com
312795,http://redstateupdate.libsyn.com/,redstateupdate.libsyn.com
341593,http://redstatetownhall.com/,redstatetownhall.com
345748,http://pages.redstate.com/,pages.redstate.com
352269,http://redstatewi.blogspot.com/,redstatewi.blogspot.com
463407,http://redstate.dev.townhallcloud.net/,redstate.dev.townhallcloud.net
471214,http://alfredstate.edu/,alfredstate.edu
551954,http://redstatetribune.com/,redstatetribune.com
562167,http://redstatejournalist.com/,redstatejournalist.com
562843,http://redstatedisaster.com/,redstatedisaster.com
563268,http://redstatewatcher.com.linkis.com/,redstatewatcher.com.linkis.com
564192,http://redstatenation.com/,redstatenation.com
566183,http://redstatetalkradio.com.linkis.com/,redstatetalkradio.com.linkis.com
567348,http://redstate.com.ln.is/,redstate.com.ln.is
567702,http://redstatepundit.com/,redstatepundit.com
696999,http://redstate.com.cmun.it/,redstate.com.cmun.it
699787,http://redstatewriters.com/,redstatewriters.com
702701,http://redstate.com.ridder.co/,redstate.com.ridder.co
185442,http://rockcitytimes.com/,rockcitytimes.com
278198,http://satiratribune.com/,satiratribune.com
287833,http://stuppid.com/,stuppid.com
232790,http://theblaze/,theblaze
251079,http://gettheblaze.com/,gettheblaze.com
305159,http://submissions.theblaze.com/,submissions.theblaze.com
324403,http://1051theblaze.com/,1051theblaze.com
339252,http://theblaze.co/,theblaze.co
368623,http://theblaze.com/,theblaze.com
434992,http://premium.theblaze.com/,premium.theblaze.com
552501,http://theblaze.com.linkis.com/,theblaze.com.linkis.com
701616,http://theblaze.com.ridder.co/,theblaze.com.ridder.co
724599,http://theblazerpub.com/,theblazerpub.com
754896,http://thebostontribune.com/,thebostontribune.com
72925,http://www.thedailysheeple.com/#spider,thedailysheeple.com
306007,http://thedcgazette.com/,thedcgazette.com
125018,http://thefreethoughtproject.com/,thefreethoughtproject.com
701591,http://thefreethoughtproject.com.ridder.co/,thefreethoughtproject.com.ridder.co
755163,http://thefreethoughtproject.com.ln.is/,thefreethoughtproject.com.ln.is
335178,http://thelapine.ca/,thelapine.ca
144739,http://thenewsnerd.com/,thenewsnerd.com
140151,http://theonionavclub.com/,theonionavclub.com
201807,http://store.theonion.com/,store.theonion.com
202947,http://mediakit.theonion.com/,mediakit.theonion.com
228418,http://v.theonion.com/,v.theonion.com
256584,http://origin.theonion.com/,origin.theonion.com
343997,http://theonion.tumblr.com/,theonion.tumblr.com
366177,http://theonion.com.feedsportal.com/,theonion.com.feedsportal.com
624350,http://local.theonion.com/,local.theonion.com
624417,http://politics.theonion.com/,politics.theonion.com
650594,http://entertainment.theonion.com/,entertainment.theonion.com
702378,http://theonion.com.ln.is/,theonion.com.ln.is
704086,http://theonion.com.convey.pro/,theonion.com.convey.pro
373204,http://theracketreport.com/,theracketreport.com
228158,http://therundownlive.com/,therundownlive.com
136975,http://thespoof.com/,thespoof.com
337493,http://theuspatriot.com/,theuspatriot.com
118881,http://truthfrequencyradio.com/,truthfrequencyradio.com
24667,http://twitchy.com,Twitchy
206635,http://thisistwitchy.files.wordpress.com/,thisistwitchy.files.wordpress.com
211447,https://thisistwitchy.wordpress.com/,thisistwitchy.wordpress.com
367653,http://twitchy.stage.townhallcloud.net/,twitchy.stage.townhallcloud.net
562373,http://twitchy.com.ln.is/,twitchy.com.ln.is
700344,http://twitchy.com.ridder.co/,twitchy.com.ridder.co
77690,http://www.unconfirmedsources.com/#spider,unconfirmedsources.com
294500,http://usatoday.com.co/,usatoday.com.co
98705,http://www.usuncut.org/#spider,usuncut.org
277871,http://usuncut.com/,usuncut.com
311640,http://usuncut.news/,usuncut.news
340320,http://usuncut.com.linkis.com/,usuncut.com.linkis.com
57137,http://veteranstoday.com/,veteranstoday.com
350573,http://veteranstodaymoney.com/,veteranstodaymoney.com
373624,http://veteranstodaylive.com/,veteranstodaylive.com
376635,http://veteranstodaynetwork.com/,veteranstodaynetwork.com
415166,http://veteranstodayarchives.com/,veteranstodayarchives.com
551580,http://veteranstodaynews.com/,veteranstodaynews.com
669441,http://veteranstoday.news/,veteranstoday.news
675619,http://veteranstodaymedia.com/,veteranstodaymedia.com
757321,http://veteranstoday.com.ln.is/,veteranstoday.com.ln.is
361778,http://wakingupwisconsin.com/,wakingupwisconsin.com
50272,http://weeklyworldnews.com/#spider,weeklyworldnews.com
278905,http://winningdemocrats.com/,winningdemocrats.com
243072,http://witscience.org/,witscience.org
5561,http://failblog.org,"FAIL Blog: Epic Fail Pictures and Videos of Owned, Pwnd and Fail Moments"
21268,http://www.watertowndailytimes.com,watertowndailytimes.com
26222,http://www.wndu.com,wndu.com
27245,http://twitter.com/ShawndaWestly,ShawndaWestly
33067,http://www.rootdowndenver.com#spider,rootdowndenver.com
75634,http://www.browndailyherald.com/#spider,browndailyherald.com
90004,http://g2bulletin.wnd.com/#spider,g2bulletin.wnd.com
95260,http://wndoftheamericandream.com/#spider,wndoftheamericandream.com
96122,http://www.thegeorgetowndish.com/#spider,thegeorgetowndish.com
101465,http://crowndomain.com/#spider,crowndomain.com
106853,http://owndoc.com/,owndoc.com
111373,http://downtowndenver.com/,downtowndenver.com
136523,http://wndash2.deviantart.com/,wndash2.deviantart.com
141034,http://lowndesfootball.com/,lowndesfootball.com
142863,http://downdetector.com/,downdetector.com
149420,http://wndbookservice.com/,wndbookservice.com
150995,http://shop.wnd.com/,shop.wnd.com
151531,http://shawndaivari.com/,shawndaivari.com
153576,https://wndwatch.wordpress.com/,wndwatch.wordpress.com
154312,http://chitowndailynews.org/,chitowndailynews.org
160859,http://wndbooks.wnd.com/,wndbooks.wnd.com
167571,http://browndivestcoal.org/,browndivestcoal.org
171595,http://wnds.com/,wnds.com
181924,http://clowndating.com/,clowndating.com
184388,http://lawndalecity.org/,lawndalecity.org
186189,http://pawndetroit.com/,pawndetroit.com
188666,http://cooperstowndistillery.com/,cooperstowndistillery.com
195868,http://forums.wnd.com/,forums.wnd.com
211886,http://rifdp-iwndp.org/,rifdp-iwndp.org
218307,http://dev.pawndemic.com/,dev.pawndemic.com
229834,http://downtowndogresort.com/,downtowndogresort.com
250972,https://owndrive.com/,owndrive.com
255389,"http://chicago%e2%80%99s%20north%20lawndale%20neighborhood%20has%20about%20200%20churches,%20most%20of%20them%20in%20storefronts./","chicago%e2%80%99s%20north%20lawndale%20neighborhood%20has%20about%20200%20churches,%20most%20of%20them%20in%20storefronts."
263597,http://post.browndailyherald.com/,post.browndailyherald.com
266061,http://lowndes-law.com/,lowndes-law.com
279171,http://savage.wp.wnd.com/,savage.wp.wnd.com
309134,http://thebrowndesi.com/,thebrowndesi.com
313022,http://downtowndevil.com/,downtowndevil.com
314044,http://lawndalenews.com/,lawndalenews.com
321617,http://wndw.ms/,wndw.ms
323441,http://drowndinginmail.wordpress.com/,drowndinginmail.wordpress.com
333717,http://dawndiaries.com/,dawndiaries.com
335128,http://thelowdowndirtytruth.com/,thelowdowndirtytruth.com
343574,http://myowndubai.com/,myowndubai.com
345132,http://tctragwnd.org/,tctragwnd.org
346894,http://wrlwnd.com/,wrlwnd.com
355174,http://foundersowndreams.blogspot.com/,foundersowndreams.blogspot.com
356367,http://wec.wnd.com/,wec.wnd.com
390789,http://thefowndry.com/,thefowndry.com
396421,http://pwndguild.com/,pwndguild.com
434915,http://knowndonorregistry.com/,knowndonorregistry.com
451129,http://lawndoctor.com/,lawndoctor.com
452800,http://johnsonupdaydowndaydiet.com/,johnsonupdaydowndaydiet.com
475451,http://stressdownday.org/,stressdownday.org
483860,http://towndc.com/,towndc.com
503185,http://dawndc.net/,dawndc.net
509544,http://capetowndiamondmuseum.org/,capetowndiamondmuseum.org
510146,http://kutztowndemocrats.org/,kutztowndemocrats.org
541200,http://go.wnd.com/,go.wnd.com
548438,http://teachingdowndebt.wordpress.com/,teachingdowndebt.wordpress.com
549133,http://teachingdowndebt.files.wordpress.com/,teachingdowndebt.files.wordpress.com
559390,http://wndh1031.iheart.com/,wndh1031.iheart.com
560433,http://mobile.wnd.com.ln.is/,mobile.wnd.com.ln.is
563034,http://wnd.com.linkis.com/,wnd.com.linkis.com
580846,http://dawndalili.com/,dawndalili.com
595224,http://georgetowndc.com/,georgetowndc.com
603319,http://georgetownde.com/,georgetownde.com
612447,http://markets.wnd.com/,markets.wnd.com
640855,http://capetowndeclaration.org/,capetowndeclaration.org
659298,http://www.heraldpublications.com/herald/lawndale-tribune/,Lawndale Tribune
660198,http://www.nlcn.org/,North Lawndale Community News
671905,http://middletownde.org/,middletownde.org
672832,http://downtowndenverwifi.com/,downtowndenverwifi.com
674684,http://naptowndontsleep.org/,naptowndontsleep.org
681152,http://new.wp.wnd.com/,new.wp.wnd.com
700002,http://1031wndh.iheart.com/,1031wndh.iheart.com
700747,http://philstercrowndelight.blogspot.com/,philstercrowndelight.blogspot.com
703885,http://southdownduvets.com/,southdownduvets.com
705156,http://downdetector.co.uk/,downdetector.co.uk
708508,http://static.wnd.com/,static.wnd.com
709337,http://new.savage.wp.wnd.com/,new.savage.wp.wnd.com
717434,http://shawndick.com/,shawndick.com
719969,http://downtowndonutsla.com/,downtowndonutsla.com
721004,http://downtowndetroit.org/,downtowndetroit.org
721169,http://lawndoctorfranchise.com/,lawndoctorfranchise.com
736353,http://downtowndc.org/,downtowndc.org
751110,http://lawndaleartcenter.org/,lawndaleartcenter.org
761406,http://crosstowndoughnuts.com/,crosstowndoughnuts.com
148047,http://worldnewsdailyreport.com/,worldnewsdailyreport.com
144649,http://worldtruth.tv/,worldtruth.tv
236348,http://worldtruthtoday.com/,worldtruthtoday.com
225431,http://yournewswire.com/,yournewswire.com
697437,http://yournewswire.com.convey.pro/,yournewswire.com.convey.pro
700703,http://yournewswire.com.ln.is/,yournewswire.com.ln.is
752678,http://yournewswires.com/,yournewswires.com
753174,http://yournewswire.com.ridder.co/,yournewswire.com.ridder.co
754194,http://yournewswires.com.convey.pro/,yournewswires.com.convey.pro
756518,http://yournewswire-com.cdn.ampproject.org/,yournewswire-com.cdn.ampproject.org
756647,http://yournewswire.com.linkis.com/,yournewswire.com.linkis.com
302379,http://dcleaks.com/,dcleaks.com
305385,http://www.rt.com,Russia Today
